diseased,ripe,size,filename
-1,0,1,./Size Fuzzy/Badami/Unripe/Medium/86.jpg
-1,0,1,./Size Fuzzy/Badami/Unripe/Medium/82.jpg
-1,0,1,./Size Fuzzy/Badami/Unripe/Medium/87.jpg
-1,0,3,./Size Fuzzy/Badami/Unripe/Very Big/61.jpg
-1,0,3,./Size Fuzzy/Badami/Unripe/Very Big/34.jpg
-1,0,3,./Size Fuzzy/Badami/Unripe/Very Big/64.jpg
-1,0,3,./Size Fuzzy/Badami/Unripe/Very Big/68.jpg
-1,0,3,./Size Fuzzy/Badami/Unripe/Very Big/11.jpg
-1,0,3,./Size Fuzzy/Badami/Unripe/Very Big/6.jpg
-1,0,3,./Size Fuzzy/Badami/Unripe/Very Big/71.jpg
-1,0,3,./Size Fuzzy/Badami/Unripe/Very Big/3.jpg
-1,0,3,./Size Fuzzy/Badami/Unripe/Very Big/72.jpg
-1,0,3,./Size Fuzzy/Badami/Unripe/Very Big/17.jpg
-1,0,3,./Size Fuzzy/Badami/Unripe/Very Big/69.jpg
-1,0,3,./Size Fuzzy/Badami/Unripe/Very Big/51.jpg
-1,0,3,./Size Fuzzy/Badami/Unripe/Very Big/54.jpg
-1,0,3,./Size Fuzzy/Badami/Unripe/Very Big/70.jpg
-1,0,3,./Size Fuzzy/Badami/Unripe/Very Big/8.jpg
-1,0,3,./Size Fuzzy/Badami/Unripe/Very Big/66.jpg
-1,0,3,./Size Fuzzy/Badami/Unripe/Very Big/63.jpg
-1,0,3,./Size Fuzzy/Badami/Unripe/Very Big/73.jpg
-1,0,3,./Size Fuzzy/Badami/Unripe/Very Big/16.jpg
-1,0,3,./Size Fuzzy/Badami/Unripe/Very Big/7.jpg
-1,0,3,./Size Fuzzy/Badami/Unripe/Very Big/2.jpg
-1,0,3,./Size Fuzzy/Badami/Unripe/Very Big/47.jpg
-1,0,3,./Size Fuzzy/Badami/Unripe/Very Big/57.jpg
-1,0,3,./Size Fuzzy/Badami/Unripe/Very Big/53.jpg
-1,0,3,./Size Fuzzy/Badami/Unripe/Very Big/18.jpg
-1,0,3,./Size Fuzzy/Badami/Unripe/Very Big/9.jpg
-1,0,3,./Size Fuzzy/Badami/Unripe/Very Big/19.jpg
-1,0,3,./Size Fuzzy/Badami/Unripe/Very Big/56.jpg
-1,0,3,./Size Fuzzy/Badami/Unripe/Very Big/59.jpg
-1,0,3,./Size Fuzzy/Badami/Unripe/Very Big/67.jpg
-1,0,3,./Size Fuzzy/Badami/Unripe/Very Big/5.jpg
-1,0,3,./Size Fuzzy/Badami/Unripe/Very Big/52.jpg
-1,0,3,./Size Fuzzy/Badami/Unripe/Very Big/48.jpg
-1,0,3,./Size Fuzzy/Badami/Unripe/Very Big/32.jpg
-1,0,3,./Size Fuzzy/Badami/Unripe/Very Big/1.jpg
-1,0,3,./Size Fuzzy/Badami/Unripe/Very Big/10.jpg
-1,0,3,./Size Fuzzy/Badami/Unripe/Very Big/65.jpg
-1,0,3,./Size Fuzzy/Badami/Unripe/Very Big/31.jpg
-1,0,3,./Size Fuzzy/Badami/Unripe/Very Big/50.jpg
-1,0,3,./Size Fuzzy/Badami/Unripe/Very Big/55.jpg
-1,0,3,./Size Fuzzy/Badami/Unripe/Very Big/4.jpg
-1,0,2,./Size Fuzzy/Badami/Unripe/Big/41.jpg
-1,0,2,./Size Fuzzy/Badami/Unripe/Big/75.jpg
-1,0,2,./Size Fuzzy/Badami/Unripe/Big/21.jpg
-1,0,2,./Size Fuzzy/Badami/Unripe/Big/58.jpg
-1,0,2,./Size Fuzzy/Badami/Unripe/Big/39.jpg
-1,0,2,./Size Fuzzy/Badami/Unripe/Big/15.jpg
-1,0,2,./Size Fuzzy/Badami/Unripe/Big/27.jpg
-1,0,2,./Size Fuzzy/Badami/Unripe/Big/33.jpg
-1,0,2,./Size Fuzzy/Badami/Unripe/Big/30.jpg
-1,0,2,./Size Fuzzy/Badami/Unripe/Big/49.jpg
-1,0,2,./Size Fuzzy/Badami/Unripe/Big/23.jpg
-1,0,2,./Size Fuzzy/Badami/Unripe/Big/14.jpg
-1,0,2,./Size Fuzzy/Badami/Unripe/Big/74.jpg
-1,0,2,./Size Fuzzy/Badami/Unripe/Big/83.jpg
-1,0,2,./Size Fuzzy/Badami/Unripe/Big/85.jpg
-1,0,2,./Size Fuzzy/Badami/Unripe/Big/24.jpg
-1,0,2,./Size Fuzzy/Badami/Unripe/Big/78.jpg
-1,0,2,./Size Fuzzy/Badami/Unripe/Big/40.jpg
-1,0,2,./Size Fuzzy/Badami/Unripe/Big/36.jpg
-1,0,2,./Size Fuzzy/Badami/Unripe/Big/80.jpg
-1,0,2,./Size Fuzzy/Badami/Unripe/Big/44.jpg
-1,0,2,./Size Fuzzy/Badami/Unripe/Big/76.jpg
-1,0,2,./Size Fuzzy/Badami/Unripe/Big/84.jpg
-1,0,2,./Size Fuzzy/Badami/Unripe/Big/26.jpg
-1,0,2,./Size Fuzzy/Badami/Unripe/Big/13.jpg
-1,0,2,./Size Fuzzy/Badami/Unripe/Big/60.jpg
-1,0,2,./Size Fuzzy/Badami/Unripe/Big/46.jpg
-1,0,2,./Size Fuzzy/Badami/Unripe/Big/37.jpg
-1,0,2,./Size Fuzzy/Badami/Unripe/Big/38.jpg
-1,0,2,./Size Fuzzy/Badami/Unripe/Big/79.jpg
-1,0,2,./Size Fuzzy/Badami/Unripe/Big/29.jpg
-1,0,2,./Size Fuzzy/Badami/Unripe/Big/43.jpg
-1,0,2,./Size Fuzzy/Badami/Unripe/Big/77.jpg
-1,0,2,./Size Fuzzy/Badami/Unripe/Big/25.jpg
-1,0,2,./Size Fuzzy/Badami/Unripe/Big/35.jpg
-1,0,2,./Size Fuzzy/Badami/Unripe/Big/62.jpg
-1,0,2,./Size Fuzzy/Badami/Unripe/Big/22.jpg
-1,0,2,./Size Fuzzy/Badami/Unripe/Big/20.jpg
-1,0,2,./Size Fuzzy/Badami/Unripe/Big/89.jpg
-1,0,2,./Size Fuzzy/Badami/Unripe/Big/28.jpg
-1,0,2,./Size Fuzzy/Badami/Unripe/Big/12.jpg
-1,0,2,./Size Fuzzy/Badami/Unripe/Big/42.jpg
-1,0,2,./Size Fuzzy/Badami/Unripe/Big/45.jpg
-1,0,2,./Size Fuzzy/Badami/Unripe/Big/81.jpg
-1,0,2,./Size Fuzzy/Badami/Unripe/Big/88.jpg
-1,1,1,./Size Fuzzy/Badami/Ripe/Medium/1 (27).jpg
-1,1,1,./Size Fuzzy/Badami/Ripe/Medium/1 (25).jpg
-1,1,1,./Size Fuzzy/Badami/Ripe/Medium/1 (28).jpg
-1,1,1,./Size Fuzzy/Badami/Ripe/Medium/1 (88).jpg
-1,1,1,./Size Fuzzy/Badami/Ripe/Medium/1 (80).jpg
-1,1,1,./Size Fuzzy/Badami/Ripe/Medium/1 (70).jpg
-1,1,1,./Size Fuzzy/Badami/Ripe/Medium/1 (60).jpg
-1,1,1,./Size Fuzzy/Badami/Ripe/Medium/1 (89).jpg
-1,1,1,./Size Fuzzy/Badami/Ripe/Medium/1 (26).jpg
-1,1,1,./Size Fuzzy/Badami/Ripe/Medium/1 (31).jpg
-1,1,1,./Size Fuzzy/Badami/Ripe/Medium/1 (36).jpg
-1,1,1,./Size Fuzzy/Badami/Ripe/Medium/1 (67).jpg
-1,1,1,./Size Fuzzy/Badami/Ripe/Medium/1 (76).jpg
-1,1,1,./Size Fuzzy/Badami/Ripe/Medium/1 (32).jpg
-1,1,1,./Size Fuzzy/Badami/Ripe/Medium/1 (33).jpg
-1,1,1,./Size Fuzzy/Badami/Ripe/Medium/1 (87).jpg
-1,1,1,./Size Fuzzy/Badami/Ripe/Medium/1 (78).jpg
-1,1,1,./Size Fuzzy/Badami/Ripe/Medium/1 (81).jpg
-1,1,1,./Size Fuzzy/Badami/Ripe/Medium/1 (59).jpg
-1,1,1,./Size Fuzzy/Badami/Ripe/Medium/1 (69).jpg
-1,1,1,./Size Fuzzy/Badami/Ripe/Medium/1 (23).jpg
-1,1,1,./Size Fuzzy/Badami/Ripe/Medium/1 (61).jpg
-1,1,1,./Size Fuzzy/Badami/Ripe/Medium/1 (90).jpg
-1,1,1,./Size Fuzzy/Badami/Ripe/Medium/1 (30).jpg
-1,1,1,./Size Fuzzy/Badami/Ripe/Medium/1 (82).jpg
-1,1,1,./Size Fuzzy/Badami/Ripe/Medium/1 (38).jpg
-1,1,1,./Size Fuzzy/Badami/Ripe/Medium/1 (75).jpg
-1,1,1,./Size Fuzzy/Badami/Ripe/Medium/1 (22).jpg
-1,1,1,./Size Fuzzy/Badami/Ripe/Medium/1 (29).jpg
-1,1,1,./Size Fuzzy/Badami/Ripe/Medium/1 (35).jpg
-1,1,1,./Size Fuzzy/Badami/Ripe/Medium/1 (62).jpg
-1,1,1,./Size Fuzzy/Badami/Ripe/Medium/1 (37).jpg
-1,1,1,./Size Fuzzy/Badami/Ripe/Medium/1 (39).jpg
-1,1,1,./Size Fuzzy/Badami/Ripe/Medium/1 (79).jpg
-1,1,1,./Size Fuzzy/Badami/Ripe/Medium/1 (34).jpg
-1,1,1,./Size Fuzzy/Badami/Ripe/Medium/1 (24).jpg
-1,1,1,./Size Fuzzy/Badami/Ripe/Medium/1 (77).jpg
-1,1,1,./Size Fuzzy/Badami/Ripe/Medium/1 (68).jpg
-1,1,3,./Size Fuzzy/Badami/Ripe/Very Big/1 (6).jpg
-1,1,3,./Size Fuzzy/Badami/Ripe/Very Big/1 (5).jpg
-1,1,3,./Size Fuzzy/Badami/Ripe/Very Big/1 (10).jpg
-1,1,3,./Size Fuzzy/Badami/Ripe/Very Big/1 (1).jpg
-1,1,3,./Size Fuzzy/Badami/Ripe/Very Big/1 (46).jpg
-1,1,3,./Size Fuzzy/Badami/Ripe/Very Big/1 (44).jpg
-1,1,3,./Size Fuzzy/Badami/Ripe/Very Big/1 (2).jpg
-1,1,3,./Size Fuzzy/Badami/Ripe/Very Big/1 (45).jpg
-1,1,3,./Size Fuzzy/Badami/Ripe/Very Big/1 (4).jpg
-1,1,3,./Size Fuzzy/Badami/Ripe/Very Big/1 (3).jpg
-1,1,2,./Size Fuzzy/Badami/Ripe/Big/1 (18).jpg
-1,1,2,./Size Fuzzy/Badami/Ripe/Big/1 (99).jpg
-1,1,2,./Size Fuzzy/Badami/Ripe/Big/1 (57).jpg
-1,1,2,./Size Fuzzy/Badami/Ripe/Big/1 (7).jpg
-1,1,2,./Size Fuzzy/Badami/Ripe/Big/1 (53).jpg
-1,1,2,./Size Fuzzy/Badami/Ripe/Big/1 (47).jpg
-1,1,2,./Size Fuzzy/Badami/Ripe/Big/1 (52).jpg
-1,1,2,./Size Fuzzy/Badami/Ripe/Big/1 (73).jpg
-1,1,2,./Size Fuzzy/Badami/Ripe/Big/1 (40).jpg
-1,1,2,./Size Fuzzy/Badami/Ripe/Big/1 (72).jpg
-1,1,2,./Size Fuzzy/Badami/Ripe/Big/1 (85).jpg
-1,1,2,./Size Fuzzy/Badami/Ripe/Big/1 (48).jpg
-1,1,2,./Size Fuzzy/Badami/Ripe/Big/1 (11).jpg
-1,1,2,./Size Fuzzy/Badami/Ripe/Big/1 (86).jpg
-1,1,2,./Size Fuzzy/Badami/Ripe/Big/1 (19).jpg
-1,1,2,./Size Fuzzy/Badami/Ripe/Big/1 (93).jpg
-1,1,2,./Size Fuzzy/Badami/Ripe/Big/1 (54).jpg
-1,1,2,./Size Fuzzy/Badami/Ripe/Big/1 (12).jpg
-1,1,2,./Size Fuzzy/Badami/Ripe/Big/1 (65).jpg
-1,1,2,./Size Fuzzy/Badami/Ripe/Big/1 (16).jpg
-1,1,2,./Size Fuzzy/Badami/Ripe/Big/1 (97).jpg
-1,1,2,./Size Fuzzy/Badami/Ripe/Big/1 (95).jpg
-1,1,2,./Size Fuzzy/Badami/Ripe/Big/1 (71).jpg
-1,1,2,./Size Fuzzy/Badami/Ripe/Big/1 (13).jpg
-1,1,2,./Size Fuzzy/Badami/Ripe/Big/1 (20).jpg
-1,1,2,./Size Fuzzy/Badami/Ripe/Big/1 (14).jpg
-1,1,2,./Size Fuzzy/Badami/Ripe/Big/1 (100).jpg
-1,1,2,./Size Fuzzy/Badami/Ripe/Big/1 (42).jpg
-1,1,2,./Size Fuzzy/Badami/Ripe/Big/1 (91).jpg
-1,1,2,./Size Fuzzy/Badami/Ripe/Big/1 (41).jpg
-1,1,2,./Size Fuzzy/Badami/Ripe/Big/1 (74).jpg
-1,1,2,./Size Fuzzy/Badami/Ripe/Big/1 (8).jpg
-1,1,2,./Size Fuzzy/Badami/Ripe/Big/1 (56).jpg
-1,1,2,./Size Fuzzy/Badami/Ripe/Big/1 (63).jpg
-1,1,2,./Size Fuzzy/Badami/Ripe/Big/1 (96).jpg
-1,1,2,./Size Fuzzy/Badami/Ripe/Big/1 (17).jpg
-1,1,2,./Size Fuzzy/Badami/Ripe/Big/1 (64).jpg
-1,1,2,./Size Fuzzy/Badami/Ripe/Big/1 (94).jpg
-1,1,2,./Size Fuzzy/Badami/Ripe/Big/1 (21).jpg
-1,1,2,./Size Fuzzy/Badami/Ripe/Big/1 (92).jpg
-1,1,2,./Size Fuzzy/Badami/Ripe/Big/1 (83).jpg
-1,1,2,./Size Fuzzy/Badami/Ripe/Big/1 (84).jpg
-1,1,2,./Size Fuzzy/Badami/Ripe/Big/1 (98).jpg
-1,1,2,./Size Fuzzy/Badami/Ripe/Big/1 (15).jpg
-1,1,2,./Size Fuzzy/Badami/Ripe/Big/1 (66).jpg
-1,1,2,./Size Fuzzy/Badami/Ripe/Big/1 (49).jpg
-1,1,2,./Size Fuzzy/Badami/Ripe/Big/1 (58).jpg
-1,1,2,./Size Fuzzy/Badami/Ripe/Big/1 (43).jpg
-1,1,2,./Size Fuzzy/Badami/Ripe/Big/1 (55).jpg
-1,1,2,./Size Fuzzy/Badami/Ripe/Big/1 (50).jpg
-1,1,2,./Size Fuzzy/Badami/Ripe/Big/1 (9).jpg
-1,1,2,./Size Fuzzy/Badami/Ripe/Big/1 (51).jpg
-1,-1,1,./Size Fuzzy/Kesar/medium/1 (18).jpg
-1,-1,1,./Size Fuzzy/Kesar/medium/1 (27).jpg
-1,-1,1,./Size Fuzzy/Kesar/medium/1 (57).jpg
-1,-1,1,./Size Fuzzy/Kesar/medium/1 (53).jpg
-1,-1,1,./Size Fuzzy/Kesar/medium/1 (47).jpg
-1,-1,1,./Size Fuzzy/Kesar/medium/1 (52).jpg
-1,-1,1,./Size Fuzzy/Kesar/medium/1 (73).jpg
-1,-1,1,./Size Fuzzy/Kesar/medium/1 (28).jpg
-1,-1,1,./Size Fuzzy/Kesar/medium/1 (40).jpg
-1,-1,1,./Size Fuzzy/Kesar/medium/1 (88).jpg
-1,-1,1,./Size Fuzzy/Kesar/medium/1 (72).jpg
-1,-1,1,./Size Fuzzy/Kesar/medium/1 (85).jpg
-1,-1,1,./Size Fuzzy/Kesar/medium/1 (48).jpg
-1,-1,1,./Size Fuzzy/Kesar/medium/1 (70).jpg
-1,-1,1,./Size Fuzzy/Kesar/medium/1 (60).jpg
-1,-1,1,./Size Fuzzy/Kesar/medium/1 (11).jpg
-1,-1,1,./Size Fuzzy/Kesar/medium/1 (86).jpg
-1,-1,1,./Size Fuzzy/Kesar/medium/1 (19).jpg
-1,-1,1,./Size Fuzzy/Kesar/medium/1 (54).jpg
-1,-1,1,./Size Fuzzy/Kesar/medium/1 (89).jpg
-1,-1,1,./Size Fuzzy/Kesar/medium/1 (12).jpg
-1,-1,1,./Size Fuzzy/Kesar/medium/1 (26).jpg
-1,-1,1,./Size Fuzzy/Kesar/medium/1 (113).jpg
-1,-1,1,./Size Fuzzy/Kesar/medium/1 (31).jpg
-1,-1,1,./Size Fuzzy/Kesar/medium/1 (10).jpg
-1,-1,1,./Size Fuzzy/Kesar/medium/1 (71).jpg
-1,-1,1,./Size Fuzzy/Kesar/medium/1 (76).jpg
-1,-1,1,./Size Fuzzy/Kesar/medium/1 (32).jpg
-1,-1,1,./Size Fuzzy/Kesar/medium/1 (87).jpg
-1,-1,1,./Size Fuzzy/Kesar/medium/1 (20).jpg
-1,-1,1,./Size Fuzzy/Kesar/medium/1 (59).jpg
-1,-1,1,./Size Fuzzy/Kesar/medium/1 (42).jpg
-1,-1,1,./Size Fuzzy/Kesar/medium/1 (91).jpg
-1,-1,1,./Size Fuzzy/Kesar/medium/1 (41).jpg
-1,-1,1,./Size Fuzzy/Kesar/medium/1 (61).jpg
-1,-1,1,./Size Fuzzy/Kesar/medium/1 (90).jpg
-1,-1,1,./Size Fuzzy/Kesar/medium/1 (74).jpg
-1,-1,1,./Size Fuzzy/Kesar/medium/1 (111).jpg
-1,-1,1,./Size Fuzzy/Kesar/medium/1 (30).jpg
-1,-1,1,./Size Fuzzy/Kesar/medium/1 (56).jpg
-1,-1,1,./Size Fuzzy/Kesar/medium/1 (38).jpg
-1,-1,1,./Size Fuzzy/Kesar/medium/1 (1).jpg
-1,-1,1,./Size Fuzzy/Kesar/medium/1 (63).jpg
-1,-1,1,./Size Fuzzy/Kesar/medium/1 (46).jpg
-1,-1,1,./Size Fuzzy/Kesar/medium/1 (17).jpg
-1,-1,1,./Size Fuzzy/Kesar/medium/1 (44).jpg
-1,-1,1,./Size Fuzzy/Kesar/medium/1 (64).jpg
-1,-1,1,./Size Fuzzy/Kesar/medium/1 (115).jpg
-1,-1,1,./Size Fuzzy/Kesar/medium/1 (75).jpg
-1,-1,1,./Size Fuzzy/Kesar/medium/1 (2).jpg
-1,-1,1,./Size Fuzzy/Kesar/medium/1 (45).jpg
-1,-1,1,./Size Fuzzy/Kesar/medium/1 (92).jpg
-1,-1,1,./Size Fuzzy/Kesar/medium/1 (22).jpg
-1,-1,1,./Size Fuzzy/Kesar/medium/1 (29).jpg
-1,-1,1,./Size Fuzzy/Kesar/medium/1 (83).jpg
-1,-1,1,./Size Fuzzy/Kesar/medium/1 (35).jpg
-1,-1,1,./Size Fuzzy/Kesar/medium/1 (15).jpg
-1,-1,1,./Size Fuzzy/Kesar/medium/1 (112).jpg
-1,-1,1,./Size Fuzzy/Kesar/medium/1 (62).jpg
-1,-1,1,./Size Fuzzy/Kesar/medium/1 (49).jpg
-1,-1,1,./Size Fuzzy/Kesar/medium/1 (58).jpg
-1,-1,1,./Size Fuzzy/Kesar/medium/1 (43).jpg
-1,-1,1,./Size Fuzzy/Kesar/medium/1 (4).jpg
-1,-1,1,./Size Fuzzy/Kesar/medium/1 (55).jpg
-1,-1,1,./Size Fuzzy/Kesar/medium/1 (34).jpg
-1,-1,1,./Size Fuzzy/Kesar/medium/1 (50).jpg
-1,-1,1,./Size Fuzzy/Kesar/medium/1 (24).jpg
-1,-1,1,./Size Fuzzy/Kesar/medium/1 (9).jpg
-1,-1,1,./Size Fuzzy/Kesar/medium/1 (3).jpg
-1,-1,1,./Size Fuzzy/Kesar/medium/1 (77).jpg
-1,-1,1,./Size Fuzzy/Kesar/medium/1 (51).jpg
-1,-1,0,./Size Fuzzy/Kesar/small/1 (99).jpg
-1,-1,0,./Size Fuzzy/Kesar/small/1 (106).jpg
-1,-1,0,./Size Fuzzy/Kesar/small/1 (7).jpg
-1,-1,0,./Size Fuzzy/Kesar/small/1 (125).jpg
-1,-1,0,./Size Fuzzy/Kesar/small/1 (25).jpg
-1,-1,0,./Size Fuzzy/Kesar/small/1 (104).jpg
-1,-1,0,./Size Fuzzy/Kesar/small/1 (107).jpg
-1,-1,0,./Size Fuzzy/Kesar/small/1 (80).jpg
-1,-1,0,./Size Fuzzy/Kesar/small/1 (6).jpg
-1,-1,0,./Size Fuzzy/Kesar/small/1 (93).jpg
-1,-1,0,./Size Fuzzy/Kesar/small/1 (117).jpg
-1,-1,0,./Size Fuzzy/Kesar/small/1 (105).jpg
-1,-1,0,./Size Fuzzy/Kesar/small/1 (102).jpg
-1,-1,0,./Size Fuzzy/Kesar/small/1 (114).jpg
-1,-1,0,./Size Fuzzy/Kesar/small/1 (121).jpg
-1,-1,0,./Size Fuzzy/Kesar/small/1 (36).jpg
-1,-1,0,./Size Fuzzy/Kesar/small/1 (120).jpg
-1,-1,0,./Size Fuzzy/Kesar/small/1 (65).jpg
-1,-1,0,./Size Fuzzy/Kesar/small/1 (5).jpg
-1,-1,0,./Size Fuzzy/Kesar/small/1 (16).jpg
-1,-1,0,./Size Fuzzy/Kesar/small/1 (97).jpg
-1,-1,0,./Size Fuzzy/Kesar/small/1 (108).jpg
-1,-1,0,./Size Fuzzy/Kesar/small/1 (67).jpg
-1,-1,0,./Size Fuzzy/Kesar/small/1 (95).jpg
-1,-1,0,./Size Fuzzy/Kesar/small/1 (126).jpg
-1,-1,0,./Size Fuzzy/Kesar/small/1 (13).jpg
-1,-1,0,./Size Fuzzy/Kesar/small/1 (33).jpg
-1,-1,0,./Size Fuzzy/Kesar/small/1 (78).jpg
-1,-1,0,./Size Fuzzy/Kesar/small/1 (81).jpg
-1,-1,0,./Size Fuzzy/Kesar/small/1 (14).jpg
-1,-1,0,./Size Fuzzy/Kesar/small/1 (100).jpg
-1,-1,0,./Size Fuzzy/Kesar/small/1 (118).jpg
-1,-1,0,./Size Fuzzy/Kesar/small/1 (69).jpg
-1,-1,0,./Size Fuzzy/Kesar/small/1 (23).jpg
-1,-1,0,./Size Fuzzy/Kesar/small/1 (122).jpg
-1,-1,0,./Size Fuzzy/Kesar/small/1 (116).jpg
-1,-1,0,./Size Fuzzy/Kesar/small/1 (109).jpg
-1,-1,0,./Size Fuzzy/Kesar/small/1 (8).jpg
-1,-1,0,./Size Fuzzy/Kesar/small/1 (82).jpg
-1,-1,0,./Size Fuzzy/Kesar/small/1 (96).jpg
-1,-1,0,./Size Fuzzy/Kesar/small/1 (94).jpg
-1,-1,0,./Size Fuzzy/Kesar/small/1 (21).jpg
-1,-1,0,./Size Fuzzy/Kesar/small/1 (84).jpg
-1,-1,0,./Size Fuzzy/Kesar/small/1 (98).jpg
-1,-1,0,./Size Fuzzy/Kesar/small/1 (101).jpg
-1,-1,0,./Size Fuzzy/Kesar/small/1 (66).jpg
-1,-1,0,./Size Fuzzy/Kesar/small/1 (37).jpg
-1,-1,0,./Size Fuzzy/Kesar/small/1 (39).jpg
-1,-1,0,./Size Fuzzy/Kesar/small/1 (123).jpg
-1,-1,0,./Size Fuzzy/Kesar/small/1 (124).jpg
-1,-1,0,./Size Fuzzy/Kesar/small/1 (110).jpg
-1,-1,0,./Size Fuzzy/Kesar/small/1 (79).jpg
-1,-1,0,./Size Fuzzy/Kesar/small/1 (119).jpg
-1,-1,0,./Size Fuzzy/Kesar/small/1 (103).jpg
-1,-1,0,./Size Fuzzy/Kesar/small/1 (68).jpg
-1,-1,1,./Size Fuzzy/Neelam/Medium/1 (7).jpg
-1,-1,1,./Size Fuzzy/Neelam/Medium/1 (11).jpg
-1,-1,1,./Size Fuzzy/Neelam/Medium/1 (6).jpg
-1,-1,1,./Size Fuzzy/Neelam/Medium/1 (12).jpg
-1,-1,1,./Size Fuzzy/Neelam/Medium/1 (5).jpg
-1,-1,1,./Size Fuzzy/Neelam/Medium/1 (10).jpg
-1,-1,1,./Size Fuzzy/Neelam/Medium/1 (13).jpg
-1,-1,1,./Size Fuzzy/Neelam/Medium/1 (14).jpg
-1,-1,1,./Size Fuzzy/Neelam/Medium/1 (8).jpg
-1,-1,1,./Size Fuzzy/Neelam/Medium/1 (1).jpg
-1,-1,1,./Size Fuzzy/Neelam/Medium/1 (2).jpg
-1,-1,1,./Size Fuzzy/Neelam/Medium/1 (15).jpg
-1,-1,1,./Size Fuzzy/Neelam/Medium/1 (4).jpg
-1,-1,1,./Size Fuzzy/Neelam/Medium/1 (9).jpg
-1,-1,1,./Size Fuzzy/Neelam/Medium/1 (3).jpg
-1,0,1,./Size Fuzzy/Totapuri/Unripe/Medium/1 (99).jpg
-1,0,1,./Size Fuzzy/Totapuri/Unripe/Medium/1 (57).jpg
-1,0,1,./Size Fuzzy/Totapuri/Unripe/Medium/1 (73).jpg
-1,0,1,./Size Fuzzy/Totapuri/Unripe/Medium/1 (72).jpg
-1,0,1,./Size Fuzzy/Totapuri/Unripe/Medium/1 (70).jpg
-1,0,1,./Size Fuzzy/Totapuri/Unripe/Medium/1 (102).jpg
-1,0,1,./Size Fuzzy/Totapuri/Unripe/Medium/1 (97).jpg
-1,0,1,./Size Fuzzy/Totapuri/Unripe/Medium/1 (67).jpg
-1,0,1,./Size Fuzzy/Totapuri/Unripe/Medium/1 (95).jpg
-1,0,1,./Size Fuzzy/Totapuri/Unripe/Medium/1 (71).jpg
-1,0,1,./Size Fuzzy/Totapuri/Unripe/Medium/1 (76).jpg
-1,0,1,./Size Fuzzy/Totapuri/Unripe/Medium/1 (126).jpg
-1,0,1,./Size Fuzzy/Totapuri/Unripe/Medium/1 (100).jpg
-1,0,1,./Size Fuzzy/Totapuri/Unripe/Medium/1 (140).jpg
-1,0,1,./Size Fuzzy/Totapuri/Unripe/Medium/1 (139).jpg
-1,0,1,./Size Fuzzy/Totapuri/Unripe/Medium/1 (69).jpg
-1,0,1,./Size Fuzzy/Totapuri/Unripe/Medium/1 (74).jpg
-1,0,1,./Size Fuzzy/Totapuri/Unripe/Medium/1 (56).jpg
-1,0,1,./Size Fuzzy/Totapuri/Unripe/Medium/1 (96).jpg
-1,0,1,./Size Fuzzy/Totapuri/Unripe/Medium/1 (137).jpg
-1,0,1,./Size Fuzzy/Totapuri/Unripe/Medium/1 (75).jpg
-1,0,1,./Size Fuzzy/Totapuri/Unripe/Medium/1 (135).jpg
-1,0,1,./Size Fuzzy/Totapuri/Unripe/Medium/1 (98).jpg
-1,0,1,./Size Fuzzy/Totapuri/Unripe/Medium/1 (134).jpg
-1,0,1,./Size Fuzzy/Totapuri/Unripe/Medium/1 (138).jpg
-1,0,1,./Size Fuzzy/Totapuri/Unripe/Medium/1 (101).jpg
-1,0,1,./Size Fuzzy/Totapuri/Unripe/Medium/1 (58).jpg
-1,0,1,./Size Fuzzy/Totapuri/Unripe/Medium/1 (136).jpg
-1,0,1,./Size Fuzzy/Totapuri/Unripe/Medium/1 (133)_1.jpg
-1,0,1,./Size Fuzzy/Totapuri/Unripe/Medium/1 (68).jpg
-1,0,3,./Size Fuzzy/Totapuri/Unripe/Very Big/1 (27).jpg
-1,0,3,./Size Fuzzy/Totapuri/Unripe/Very Big/1 (25).jpg
-1,0,3,./Size Fuzzy/Totapuri/Unripe/Very Big/1 (28).jpg
-1,0,3,./Size Fuzzy/Totapuri/Unripe/Very Big/1 (26).jpg
-1,0,3,./Size Fuzzy/Totapuri/Unripe/Very Big/1 (36).jpg
-1,0,3,./Size Fuzzy/Totapuri/Unripe/Very Big/1 (23).jpg
-1,0,3,./Size Fuzzy/Totapuri/Unripe/Very Big/1 (38).jpg
-1,0,3,./Size Fuzzy/Totapuri/Unripe/Very Big/1 (21).jpg
-1,0,3,./Size Fuzzy/Totapuri/Unripe/Very Big/1 (22).jpg
-1,0,3,./Size Fuzzy/Totapuri/Unripe/Very Big/1 (37).jpg
-1,0,3,./Size Fuzzy/Totapuri/Unripe/Very Big/1 (39).jpg
-1,0,3,./Size Fuzzy/Totapuri/Unripe/Very Big/1 (24).jpg
-1,0,2,./Size Fuzzy/Totapuri/Unripe/Big/1 (18).jpg
-1,0,2,./Size Fuzzy/Totapuri/Unripe/Big/1 (7).jpg
-1,0,2,./Size Fuzzy/Totapuri/Unripe/Big/1 (53).jpg
-1,0,2,./Size Fuzzy/Totapuri/Unripe/Big/1 (47).jpg
-1,0,2,./Size Fuzzy/Totapuri/Unripe/Big/1 (52).jpg
-1,0,2,./Size Fuzzy/Totapuri/Unripe/Big/1 (40).jpg
-1,0,2,./Size Fuzzy/Totapuri/Unripe/Big/1 (107).jpg
-1,0,2,./Size Fuzzy/Totapuri/Unripe/Big/1 (88).jpg
-1,0,2,./Size Fuzzy/Totapuri/Unripe/Big/1 (80).jpg
-1,0,2,./Size Fuzzy/Totapuri/Unripe/Big/1 (85).jpg
-1,0,2,./Size Fuzzy/Totapuri/Unripe/Big/1 (48).jpg
-1,0,2,./Size Fuzzy/Totapuri/Unripe/Big/1 (60).jpg
-1,0,2,./Size Fuzzy/Totapuri/Unripe/Big/1 (11).jpg
-1,0,2,./Size Fuzzy/Totapuri/Unripe/Big/1 (6).jpg
-1,0,2,./Size Fuzzy/Totapuri/Unripe/Big/1 (86).jpg
-1,0,2,./Size Fuzzy/Totapuri/Unripe/Big/1 (19).jpg
-1,0,2,./Size Fuzzy/Totapuri/Unripe/Big/1 (93).jpg
-1,0,2,./Size Fuzzy/Totapuri/Unripe/Big/1 (54).jpg
-1,0,2,./Size Fuzzy/Totapuri/Unripe/Big/1 (89).jpg
-1,0,2,./Size Fuzzy/Totapuri/Unripe/Big/1 (117).jpg
-1,0,2,./Size Fuzzy/Totapuri/Unripe/Big/1 (143).jpg
-1,0,2,./Size Fuzzy/Totapuri/Unripe/Big/1 (12).jpg
-1,0,2,./Size Fuzzy/Totapuri/Unripe/Big/1 (114).jpg
-1,0,2,./Size Fuzzy/Totapuri/Unripe/Big/1 (121).jpg
-1,0,2,./Size Fuzzy/Totapuri/Unripe/Big/1 (113).jpg
-1,0,2,./Size Fuzzy/Totapuri/Unripe/Big/1 (141).jpg
-1,0,2,./Size Fuzzy/Totapuri/Unripe/Big/1 (31).jpg
-1,0,2,./Size Fuzzy/Totapuri/Unripe/Big/1 (65).jpg
-1,0,2,./Size Fuzzy/Totapuri/Unripe/Big/1 (5).jpg
-1,0,2,./Size Fuzzy/Totapuri/Unripe/Big/1 (10).jpg
-1,0,2,./Size Fuzzy/Totapuri/Unripe/Big/1 (16).jpg
-1,0,2,./Size Fuzzy/Totapuri/Unripe/Big/1 (144).jpg
-1,0,2,./Size Fuzzy/Totapuri/Unripe/Big/1 (108).jpg
-1,0,2,./Size Fuzzy/Totapuri/Unripe/Big/1 (127).jpg
-1,0,2,./Size Fuzzy/Totapuri/Unripe/Big/1 (13).jpg
-1,0,2,./Size Fuzzy/Totapuri/Unripe/Big/1 (32).jpg
-1,0,2,./Size Fuzzy/Totapuri/Unripe/Big/1 (33).jpg
-1,0,2,./Size Fuzzy/Totapuri/Unripe/Big/1 (87).jpg
-1,0,2,./Size Fuzzy/Totapuri/Unripe/Big/1 (20).jpg
-1,0,2,./Size Fuzzy/Totapuri/Unripe/Big/1 (78).jpg
-1,0,2,./Size Fuzzy/Totapuri/Unripe/Big/1 (81).jpg
-1,0,2,./Size Fuzzy/Totapuri/Unripe/Big/1 (14).jpg
-1,0,2,./Size Fuzzy/Totapuri/Unripe/Big/1 (59).jpg
-1,0,2,./Size Fuzzy/Totapuri/Unripe/Big/1 (42).jpg
-1,0,2,./Size Fuzzy/Totapuri/Unripe/Big/1 (116).jpg
-1,0,2,./Size Fuzzy/Totapuri/Unripe/Big/1 (91).jpg
-1,0,2,./Size Fuzzy/Totapuri/Unripe/Big/1 (41).jpg
-1,0,2,./Size Fuzzy/Totapuri/Unripe/Big/1 (109).jpg
-1,0,2,./Size Fuzzy/Totapuri/Unripe/Big/1 (61).jpg
-1,0,2,./Size Fuzzy/Totapuri/Unripe/Big/1 (90).jpg
-1,0,2,./Size Fuzzy/Totapuri/Unripe/Big/1 (8).jpg
-1,0,2,./Size Fuzzy/Totapuri/Unripe/Big/1 (111).jpg
-1,0,2,./Size Fuzzy/Totapuri/Unripe/Big/1 (30).jpg
-1,0,2,./Size Fuzzy/Totapuri/Unripe/Big/1 (82).jpg
-1,0,2,./Size Fuzzy/Totapuri/Unripe/Big/1 (1).jpg
-1,0,2,./Size Fuzzy/Totapuri/Unripe/Big/1 (63).jpg
-1,0,2,./Size Fuzzy/Totapuri/Unripe/Big/1 (46).jpg
-1,0,2,./Size Fuzzy/Totapuri/Unripe/Big/1 (17).jpg
-1,0,2,./Size Fuzzy/Totapuri/Unripe/Big/1 (44).jpg
-1,0,2,./Size Fuzzy/Totapuri/Unripe/Big/1 (64).jpg
-1,0,2,./Size Fuzzy/Totapuri/Unripe/Big/1 (94).jpg
-1,0,2,./Size Fuzzy/Totapuri/Unripe/Big/1 (115).jpg
-1,0,2,./Size Fuzzy/Totapuri/Unripe/Big/1 (2).jpg
-1,0,2,./Size Fuzzy/Totapuri/Unripe/Big/1 (45).jpg
-1,0,2,./Size Fuzzy/Totapuri/Unripe/Big/1 (92).jpg
-1,0,2,./Size Fuzzy/Totapuri/Unripe/Big/1 (29).jpg
-1,0,2,./Size Fuzzy/Totapuri/Unripe/Big/1 (83).jpg
-1,0,2,./Size Fuzzy/Totapuri/Unripe/Big/1 (84).jpg
-1,0,2,./Size Fuzzy/Totapuri/Unripe/Big/1 (35).jpg
-1,0,2,./Size Fuzzy/Totapuri/Unripe/Big/1 (15).jpg
-1,0,2,./Size Fuzzy/Totapuri/Unripe/Big/1 (112).jpg
-1,0,2,./Size Fuzzy/Totapuri/Unripe/Big/1 (62).jpg
-1,0,2,./Size Fuzzy/Totapuri/Unripe/Big/1 (66).jpg
-1,0,2,./Size Fuzzy/Totapuri/Unripe/Big/1 (49).jpg
-1,0,2,./Size Fuzzy/Totapuri/Unripe/Big/1 (43).jpg
-1,0,2,./Size Fuzzy/Totapuri/Unripe/Big/1 (142).jpg
-1,0,2,./Size Fuzzy/Totapuri/Unripe/Big/1 (4).jpg
-1,0,2,./Size Fuzzy/Totapuri/Unripe/Big/1 (55).jpg
-1,0,2,./Size Fuzzy/Totapuri/Unripe/Big/1 (110).jpg
-1,0,2,./Size Fuzzy/Totapuri/Unripe/Big/1 (79).jpg
-1,0,2,./Size Fuzzy/Totapuri/Unripe/Big/1 (34).jpg
-1,0,2,./Size Fuzzy/Totapuri/Unripe/Big/1 (50).jpg
-1,0,2,./Size Fuzzy/Totapuri/Unripe/Big/1 (9).jpg
-1,0,2,./Size Fuzzy/Totapuri/Unripe/Big/1 (3).jpg
-1,0,2,./Size Fuzzy/Totapuri/Unripe/Big/1 (77).jpg
-1,0,2,./Size Fuzzy/Totapuri/Unripe/Big/1 (51).jpg
-1,1,1,./Size Fuzzy/Totapuri/Ripe/Medium/1 (27).jpg
-1,1,1,./Size Fuzzy/Totapuri/Ripe/Medium/1 (7).jpg
-1,1,1,./Size Fuzzy/Totapuri/Ripe/Medium/1 (52).jpg
-1,1,1,./Size Fuzzy/Totapuri/Ripe/Medium/1 (25).jpg
-1,1,1,./Size Fuzzy/Totapuri/Ripe/Medium/1 (28).jpg
-1,1,1,./Size Fuzzy/Totapuri/Ripe/Medium/1 (40).jpg
-1,1,1,./Size Fuzzy/Totapuri/Ripe/Medium/1 (11).jpg
-1,1,1,./Size Fuzzy/Totapuri/Ripe/Medium/1 (6).jpg
-1,1,1,./Size Fuzzy/Totapuri/Ripe/Medium/1 (12).jpg
-1,1,1,./Size Fuzzy/Totapuri/Ripe/Medium/1 (26).jpg
-1,1,1,./Size Fuzzy/Totapuri/Ripe/Medium/1 (36).jpg
-1,1,1,./Size Fuzzy/Totapuri/Ripe/Medium/1 (5).jpg
-1,1,1,./Size Fuzzy/Totapuri/Ripe/Medium/1 (13).jpg
-1,1,1,./Size Fuzzy/Totapuri/Ripe/Medium/1 (14).jpg
-1,1,1,./Size Fuzzy/Totapuri/Ripe/Medium/1 (8).jpg
-1,1,1,./Size Fuzzy/Totapuri/Ripe/Medium/1 (38).jpg
-1,1,1,./Size Fuzzy/Totapuri/Ripe/Medium/1 (44).jpg
-1,1,1,./Size Fuzzy/Totapuri/Ripe/Medium/1 (35).jpg
-1,1,1,./Size Fuzzy/Totapuri/Ripe/Medium/1 (37).jpg
-1,1,1,./Size Fuzzy/Totapuri/Ripe/Medium/1 (49).jpg
-1,1,1,./Size Fuzzy/Totapuri/Ripe/Medium/1 (4).jpg
-1,1,1,./Size Fuzzy/Totapuri/Ripe/Medium/1 (39).jpg
-1,1,1,./Size Fuzzy/Totapuri/Ripe/Medium/1 (50).jpg
-1,1,1,./Size Fuzzy/Totapuri/Ripe/Medium/1 (3).jpg
-1,1,1,./Size Fuzzy/Totapuri/Ripe/Medium/1 (51).jpg
-1,1,3,./Size Fuzzy/Totapuri/Ripe/Very Big/1 (20).jpg
-1,1,3,./Size Fuzzy/Totapuri/Ripe/Very Big/1 (22).jpg
-1,1,2,./Size Fuzzy/Totapuri/Ripe/Big/1 (18).jpg
-1,1,2,./Size Fuzzy/Totapuri/Ripe/Big/1 (47).jpg
-1,1,2,./Size Fuzzy/Totapuri/Ripe/Big/1 (48).jpg
-1,1,2,./Size Fuzzy/Totapuri/Ripe/Big/1 (19).jpg
-1,1,2,./Size Fuzzy/Totapuri/Ripe/Big/1 (31).jpg
-1,1,2,./Size Fuzzy/Totapuri/Ripe/Big/1 (10).jpg
-1,1,2,./Size Fuzzy/Totapuri/Ripe/Big/1 (16).jpg
-1,1,2,./Size Fuzzy/Totapuri/Ripe/Big/1 (32).jpg
-1,1,2,./Size Fuzzy/Totapuri/Ripe/Big/1 (33).jpg
-1,1,2,./Size Fuzzy/Totapuri/Ripe/Big/1 (42).jpg
-1,1,2,./Size Fuzzy/Totapuri/Ripe/Big/1 (23).jpg
-1,1,2,./Size Fuzzy/Totapuri/Ripe/Big/1 (41).jpg
-1,1,2,./Size Fuzzy/Totapuri/Ripe/Big/1 (30).jpg
-1,1,2,./Size Fuzzy/Totapuri/Ripe/Big/1 (1).jpg
-1,1,2,./Size Fuzzy/Totapuri/Ripe/Big/1 (46).jpg
-1,1,2,./Size Fuzzy/Totapuri/Ripe/Big/1 (17).jpg
-1,1,2,./Size Fuzzy/Totapuri/Ripe/Big/1 (2).jpg
-1,1,2,./Size Fuzzy/Totapuri/Ripe/Big/1 (45).jpg
-1,1,2,./Size Fuzzy/Totapuri/Ripe/Big/1 (21).jpg
-1,1,2,./Size Fuzzy/Totapuri/Ripe/Big/1 (29).jpg
-1,1,2,./Size Fuzzy/Totapuri/Ripe/Big/1 (15).jpg
-1,1,2,./Size Fuzzy/Totapuri/Ripe/Big/1 (43).jpg
-1,1,2,./Size Fuzzy/Totapuri/Ripe/Big/1 (34).jpg
-1,1,2,./Size Fuzzy/Totapuri/Ripe/Big/1 (24).jpg
-1,1,2,./Size Fuzzy/Totapuri/Ripe/Big/1 (9).jpg
-1,-1,-1,./Histogram Analysis/Badami/Raw/4_E.jpg
-1,-1,-1,./Histogram Analysis/Badami/Raw/2_E.jpg
-1,-1,-1,./Histogram Analysis/Badami/Raw/5_E.jpg
-1,-1,-1,./Histogram Analysis/Badami/Raw/6_E.jpg
-1,-1,-1,./Histogram Analysis/Badami/Raw/13_E.jpg
-1,-1,-1,./Histogram Analysis/Badami/Raw/3_E.jpg
-1,-1,-1,./Histogram Analysis/Badami/Raw/8_E.jpg
-1,-1,-1,./Histogram Analysis/Badami/Raw/7_E.jpg
-1,-1,-1,./Histogram Analysis/Badami/Raw/10_E.jpg
-1,-1,-1,./Histogram Analysis/Badami/Raw/1_E.jpg
-1,2,-1,./Histogram Analysis/Badami/Partially Ripe/4_E.jpg
-1,2,-1,./Histogram Analysis/Badami/Partially Ripe/2_E.jpg
-1,2,-1,./Histogram Analysis/Badami/Partially Ripe/5_E.jpg
-1,2,-1,./Histogram Analysis/Badami/Partially Ripe/9_E.jpg
-1,2,-1,./Histogram Analysis/Badami/Partially Ripe/6_E.jpg
-1,2,-1,./Histogram Analysis/Badami/Partially Ripe/12_E.jpg
-1,2,-1,./Histogram Analysis/Badami/Partially Ripe/13_E.jpg
-1,2,-1,./Histogram Analysis/Badami/Partially Ripe/3_E.jpg
-1,2,-1,./Histogram Analysis/Badami/Partially Ripe/8_E.jpg
-1,2,-1,./Histogram Analysis/Badami/Partially Ripe/7_E.jpg
-1,2,-1,./Histogram Analysis/Badami/Partially Ripe/10_E.jpg
-1,2,-1,./Histogram Analysis/Badami/Partially Ripe/1_E.jpg
-1,2,-1,./Histogram Analysis/Badami/Partially Ripe/11_E.jpg
-1,0,-1,./Histogram Analysis/Badami/Unripe/4_E.jpg
-1,0,-1,./Histogram Analysis/Badami/Unripe/2_E.jpg
-1,0,-1,./Histogram Analysis/Badami/Unripe/5_E.jpg
-1,0,-1,./Histogram Analysis/Badami/Unripe/9_E.jpg
-1,0,-1,./Histogram Analysis/Badami/Unripe/6_E.jpg
-1,0,-1,./Histogram Analysis/Badami/Unripe/12_E.jpg
-1,0,-1,./Histogram Analysis/Badami/Unripe/3_E.jpg
-1,0,-1,./Histogram Analysis/Badami/Unripe/8_E.jpg
-1,0,-1,./Histogram Analysis/Badami/Unripe/7_E.jpg
-1,0,-1,./Histogram Analysis/Badami/Unripe/10_E.jpg
-1,0,-1,./Histogram Analysis/Badami/Unripe/1_E.jpg
-1,0,-1,./Histogram Analysis/Badami/Unripe/11_E.jpg
-1,1,-1,./Histogram Analysis/Badami/Ripe/4_E.jpg
-1,1,-1,./Histogram Analysis/Badami/Ripe/2_E.jpg
-1,1,-1,./Histogram Analysis/Badami/Ripe/5_E.jpg
-1,1,-1,./Histogram Analysis/Badami/Ripe/9_E.jpg
-1,1,-1,./Histogram Analysis/Badami/Ripe/6_E.jpg
-1,1,-1,./Histogram Analysis/Badami/Ripe/12_E.jpg
-1,1,-1,./Histogram Analysis/Badami/Ripe/13_E.jpg
-1,1,-1,./Histogram Analysis/Badami/Ripe/3_E.jpg
-1,1,-1,./Histogram Analysis/Badami/Ripe/8_E.jpg
-1,1,-1,./Histogram Analysis/Badami/Ripe/7_E.jpg
-1,1,-1,./Histogram Analysis/Badami/Ripe/10_E.jpg
-1,1,-1,./Histogram Analysis/Badami/Ripe/1_E.jpg
-1,1,-1,./Histogram Analysis/Badami/Ripe/11_E.jpg
1,1,-1,./Histogram Analysis/Ripe Diseased Bad/34.jpg
1,1,-1,./Histogram Analysis/Ripe Diseased Bad/50(1).jpg
1,1,-1,./Histogram Analysis/Ripe Diseased Bad/11.jpg
1,1,-1,./Histogram Analysis/Ripe Diseased Bad/41.jpg
1,1,-1,./Histogram Analysis/Ripe Diseased Bad/21.jpg
1,1,-1,./Histogram Analysis/Ripe Diseased Bad/6.jpg
1,1,-1,./Histogram Analysis/Ripe Diseased Bad/52(1).jpg
1,1,-1,./Histogram Analysis/Ripe Diseased Bad/39.jpg
1,1,-1,./Histogram Analysis/Ripe Diseased Bad/15.jpg
1,1,-1,./Histogram Analysis/Ripe Diseased Bad/3.jpg
1,1,-1,./Histogram Analysis/Ripe Diseased Bad/27.jpg
1,1,-1,./Histogram Analysis/Ripe Diseased Bad/33.jpg
1,1,-1,./Histogram Analysis/Ripe Diseased Bad/30.jpg
1,1,-1,./Histogram Analysis/Ripe Diseased Bad/17.jpg
1,1,-1,./Histogram Analysis/Ripe Diseased Bad/49.jpg
1,1,-1,./Histogram Analysis/Ripe Diseased Bad/23.jpg
1,1,-1,./Histogram Analysis/Ripe Diseased Bad/51.jpg
1,1,-1,./Histogram Analysis/Ripe Diseased Bad/14.jpg
1,1,-1,./Histogram Analysis/Ripe Diseased Bad/24.jpg
1,1,-1,./Histogram Analysis/Ripe Diseased Bad/40.jpg
1,1,-1,./Histogram Analysis/Ripe Diseased Bad/8.jpg
1,1,-1,./Histogram Analysis/Ripe Diseased Bad/36.jpg
1,1,-1,./Histogram Analysis/Ripe Diseased Bad/44.jpg
1,1,-1,./Histogram Analysis/Ripe Diseased Bad/16.jpg
1,1,-1,./Histogram Analysis/Ripe Diseased Bad/7.jpg
1,1,-1,./Histogram Analysis/Ripe Diseased Bad/2.jpg
1,1,-1,./Histogram Analysis/Ripe Diseased Bad/47.jpg
1,1,-1,./Histogram Analysis/Ripe Diseased Bad/26.jpg
1,1,-1,./Histogram Analysis/Ripe Diseased Bad/18.jpg
1,1,-1,./Histogram Analysis/Ripe Diseased Bad/13.jpg
1,1,-1,./Histogram Analysis/Ripe Diseased Bad/9.jpg
1,1,-1,./Histogram Analysis/Ripe Diseased Bad/19.jpg
1,1,-1,./Histogram Analysis/Ripe Diseased Bad/46.jpg
1,1,-1,./Histogram Analysis/Ripe Diseased Bad/37.jpg
1,1,-1,./Histogram Analysis/Ripe Diseased Bad/50(2).jpg
1,1,-1,./Histogram Analysis/Ripe Diseased Bad/38.jpg
1,1,-1,./Histogram Analysis/Ripe Diseased Bad/5.jpg
1,1,-1,./Histogram Analysis/Ripe Diseased Bad/52.jpg
1,1,-1,./Histogram Analysis/Ripe Diseased Bad/48.jpg
1,1,-1,./Histogram Analysis/Ripe Diseased Bad/32.jpg
1,1,-1,./Histogram Analysis/Ripe Diseased Bad/29.jpg
1,1,-1,./Histogram Analysis/Ripe Diseased Bad/43.jpg
1,1,-1,./Histogram Analysis/Ripe Diseased Bad/5(1).jpg
1,1,-1,./Histogram Analysis/Ripe Diseased Bad/1.jpg
1,1,-1,./Histogram Analysis/Ripe Diseased Bad/25.jpg
1,1,-1,./Histogram Analysis/Ripe Diseased Bad/35.jpg
1,1,-1,./Histogram Analysis/Ripe Diseased Bad/10.jpg
1,1,-1,./Histogram Analysis/Ripe Diseased Bad/22.jpg
1,1,-1,./Histogram Analysis/Ripe Diseased Bad/20.jpg
1,1,-1,./Histogram Analysis/Ripe Diseased Bad/28.jpg
1,1,-1,./Histogram Analysis/Ripe Diseased Bad/31.jpg
1,1,-1,./Histogram Analysis/Ripe Diseased Bad/51(1).jpg
1,1,-1,./Histogram Analysis/Ripe Diseased Bad/49(1).jpg
1,1,-1,./Histogram Analysis/Ripe Diseased Bad/12.jpg
1,1,-1,./Histogram Analysis/Ripe Diseased Bad/42.jpg
1,1,-1,./Histogram Analysis/Ripe Diseased Bad/45.jpg
1,1,-1,./Histogram Analysis/Ripe Diseased Bad/50.jpg
1,1,-1,./Histogram Analysis/Ripe Diseased Bad/4.jpg
-1,-1,-1,./Histogram Analysis/Neelam/edit6.jpg
-1,-1,-1,./Histogram Analysis/Neelam/edit7.jpg
-1,-1,-1,./Histogram Analysis/Neelam/edit10.jpg
-1,-1,-1,./Histogram Analysis/Neelam/edit8.jpg
-1,-1,-1,./Histogram Analysis/Neelam/edit3.jpg
-1,-1,-1,./Histogram Analysis/Neelam/edit12.jpg
-1,-1,-1,./Histogram Analysis/Neelam/edit9.jpg
-1,-1,-1,./Histogram Analysis/Neelam/edit14.jpg
-1,-1,-1,./Histogram Analysis/Neelam/edit11.jpg
-1,-1,-1,./Histogram Analysis/Neelam/edit5.jpg
-1,-1,-1,./Histogram Analysis/Neelam/edit4.jpg
-1,-1,-1,./Histogram Analysis/Neelam/edit13.jpg
-1,-1,-1,./Histogram Analysis/Neelam/edit15.jpg
-1,-1,-1,./Histogram Analysis/Neelam/edit1.jpg
-1,-1,-1,./Histogram Analysis/Neelam/edit2.jpg
-1,-1,-1,./Histogram Analysis/Totapuri/Raw/2_E1.jpg
-1,-1,-1,./Histogram Analysis/Totapuri/Raw/9_E1.jpg
-1,-1,-1,./Histogram Analysis/Totapuri/Raw/1_E1.jpg
-1,-1,-1,./Histogram Analysis/Totapuri/Raw/5_E1.jpg
-1,-1,-1,./Histogram Analysis/Totapuri/Raw/6_E1.jpg
-1,-1,-1,./Histogram Analysis/Totapuri/Raw/3_E1.jpg
-1,-1,-1,./Histogram Analysis/Totapuri/Raw/10_E1.jpg
-1,-1,-1,./Histogram Analysis/Totapuri/Raw/11_E1.jpg
-1,-1,-1,./Histogram Analysis/Totapuri/Raw/4_E1.jpg
-1,-1,-1,./Histogram Analysis/Totapuri/Raw/7_E1.jpg
-1,-1,-1,./Histogram Analysis/Totapuri/Raw/8_E1.jpg
-1,-1,-1,./Histogram Analysis/Totapuri/Raw/12_E1.jpg
-1,2,-1,./Histogram Analysis/Totapuri/Partially Ripe/4_E.jpg
-1,2,-1,./Histogram Analysis/Totapuri/Partially Ripe/2_E.jpg
-1,2,-1,./Histogram Analysis/Totapuri/Partially Ripe/5_E.jpg
-1,2,-1,./Histogram Analysis/Totapuri/Partially Ripe/9_E.jpg
-1,2,-1,./Histogram Analysis/Totapuri/Partially Ripe/6_E.jpg
-1,2,-1,./Histogram Analysis/Totapuri/Partially Ripe/12_E.jpg
-1,2,-1,./Histogram Analysis/Totapuri/Partially Ripe/3_E.jpg
-1,2,-1,./Histogram Analysis/Totapuri/Partially Ripe/7_E.jpg
-1,2,-1,./Histogram Analysis/Totapuri/Partially Ripe/10_E.jpg
-1,2,-1,./Histogram Analysis/Totapuri/Partially Ripe/1_E.jpg
-1,2,-1,./Histogram Analysis/Totapuri/Partially Ripe/11_E.jpg
-1,0,-1,./Histogram Analysis/Totapuri/Unripe/4_E.jpg
-1,0,-1,./Histogram Analysis/Totapuri/Unripe/2_E.jpg
-1,0,-1,./Histogram Analysis/Totapuri/Unripe/5_E.jpg
-1,0,-1,./Histogram Analysis/Totapuri/Unripe/9_E.jpg
-1,0,-1,./Histogram Analysis/Totapuri/Unripe/6_E.jpg
-1,0,-1,./Histogram Analysis/Totapuri/Unripe/12_E.jpg
-1,0,-1,./Histogram Analysis/Totapuri/Unripe/3_E.jpg
-1,0,-1,./Histogram Analysis/Totapuri/Unripe/8_E.jpg
-1,0,-1,./Histogram Analysis/Totapuri/Unripe/7_E.jpg
-1,0,-1,./Histogram Analysis/Totapuri/Unripe/10_E.jpg
-1,0,-1,./Histogram Analysis/Totapuri/Unripe/1_E.jpg
-1,0,-1,./Histogram Analysis/Totapuri/Unripe/11_E.jpg
-1,1,-1,./Histogram Analysis/Totapuri/Ripe/9_e.jpg
-1,1,-1,./Histogram Analysis/Totapuri/Ripe/11_e.jpg
-1,1,-1,./Histogram Analysis/Totapuri/Ripe/8_e.jpg
-1,1,-1,./Histogram Analysis/Totapuri/Ripe/4_e.jpg
-1,1,-1,./Histogram Analysis/Totapuri/Ripe/5_e.jpg
-1,1,-1,./Histogram Analysis/Totapuri/Ripe/10_e.jpg
-1,1,-1,./Histogram Analysis/Totapuri/Ripe/12_e.jpg
-1,1,-1,./Histogram Analysis/Totapuri/Ripe/3_e.jpg
-1,1,-1,./Histogram Analysis/Totapuri/Ripe/1_e.jpg
-1,1,-1,./Histogram Analysis/Totapuri/Ripe/7_e.jpg
-1,1,-1,./Histogram Analysis/Totapuri/Ripe/2_e.jpg
-1,1,-1,./Histogram Analysis/Totapuri/Ripe/6_e.jpg
-1,-1,0,./Size Estimation/Rotation/S_4_180.jpg
-1,-1,1,./Size Estimation/Rotation/M_4_180.jpg
-1,-1,1,./Size Estimation/Rotation/M_9_90.jpg
-1,-1,1,./Size Estimation/Rotation/M_4_90.jpg
-1,-1,0,./Size Estimation/Rotation/S_9_90.jpg
-1,-1,1,./Size Estimation/Rotation/M_9_180.jpg
-1,-1,0,./Size Estimation/Rotation/S_4_90.jpg
-1,-1,0,./Size Estimation/Rotation/S_9_180.jpg
-1,-1,2,./Size Estimation/Sorting/L_1IV.jpg
-1,-1,2,./Size Estimation/Sorting/L_14.jpg
-1,-1,1,./Size Estimation/Sorting/M_8.jpg
-1,-1,2,./Size Estimation/Sorting/L_13.jpg
-1,-1,2,./Size Estimation/Sorting/L_9.jpg
-1,-1,0,./Size Estimation/Sorting/S_8.jpg
-1,-1,0,./Size Estimation/Sorting/S_2.jpg
-1,-1,0,./Size Estimation/Sorting/S_11.jpg
-1,-1,1,./Size Estimation/Sorting/M_2.jpg
-1,-1,1,./Size Estimation/Sorting/M_6.jpg
-1,-1,1,./Size Estimation/Sorting/M_4.jpg
-1,-1,1,./Size Estimation/Sorting/M_7.jpg
-1,-1,0,./Size Estimation/Sorting/S_20.jpg
-1,-1,1,./Size Estimation/Sorting/M_18.jpg
-1,-1,0,./Size Estimation/Sorting/S_10.jpg
-1,-1,2,./Size Estimation/Sorting/L_8.jpg
-1,-1,2,./Size Estimation/Sorting/L_1III.jpg
-1,-1,2,./Size Estimation/Sorting/L_6.jpg
-1,-1,2,./Size Estimation/Sorting/L_18.jpg
-1,-1,0,./Size Estimation/Sorting/S_5.jpg
-1,-1,2,./Size Estimation/Sorting/L_15.jpg
-1,-1,1,./Size Estimation/Sorting/M_15.jpg
-1,-1,1,./Size Estimation/Sorting/M_3.jpg
-1,-1,1,./Size Estimation/Sorting/M_17.jpg
-1,-1,1,./Size Estimation/Sorting/M_5.jpg
-1,-1,1,./Size Estimation/Sorting/M_12.jpg
-1,-1,2,./Size Estimation/Sorting/L_10.jpg
-1,-1,0,./Size Estimation/Sorting/S_6.jpg
-1,-1,2,./Size Estimation/Sorting/L_1II.jpg
-1,-1,1,./Size Estimation/Sorting/M_14.jpg
-1,-1,1,./Size Estimation/Sorting/M_9.jpg
-1,-1,1,./Size Estimation/Sorting/M_16.jpg
-1,-1,2,./Size Estimation/Sorting/L_12.jpg
-1,-1,1,./Size Estimation/Sorting/M_11.jpg
-1,-1,2,./Size Estimation/Sorting/L_11.jpg
-1,-1,2,./Size Estimation/Sorting/L_1.jpg
-1,-1,0,./Size Estimation/Sorting/S_16.jpg
-1,-1,1,./Size Estimation/Sorting/M_19.jpg
-1,-1,2,./Size Estimation/Sorting/L_19.jpg
-1,-1,0,./Size Estimation/Sorting/S_18.jpg
-1,-1,0,./Size Estimation/Sorting/S_7.jpg
-1,-1,0,./Size Estimation/Sorting/S_3.jpg
-1,-1,2,./Size Estimation/Sorting/L_7.jpg
-1,-1,2,./Size Estimation/Sorting/L_2.jpg
-1,-1,2,./Size Estimation/Sorting/L_4.jpg
-1,-1,1,./Size Estimation/Sorting/M_1.jpg
-1,-1,1,./Size Estimation/Sorting/M_10.jpg
-1,-1,0,./Size Estimation/Sorting/S_14.jpg
-1,-1,2,./Size Estimation/Sorting/L_17.jpg
-1,-1,0,./Size Estimation/Sorting/S_17.jpg
-1,-1,0,./Size Estimation/Sorting/S_12.jpg
-1,-1,0,./Size Estimation/Sorting/S_19.jpg
-1,-1,2,./Size Estimation/Sorting/L_20.jpg
-1,-1,2,./Size Estimation/Sorting/L_3.jpg
-1,-1,0,./Size Estimation/Sorting/S_4.jpg
-1,-1,0,./Size Estimation/Sorting/S_13.jpg
-1,-1,2,./Size Estimation/Sorting/L_5.jpg
-1,-1,0,./Size Estimation/Sorting/S_9.jpg
-1,-1,1,./Size Estimation/Sorting/M_20.jpg
-1,-1,2,./Size Estimation/Sorting/L_16.jpg
-1,-1,0,./Size Estimation/Sorting/S_1.jpg
-1,-1,0,./Size Estimation/Sorting/S_15.jpg
-1,-1,1,./Size Estimation/Sorting/M_13.jpg
-1,-1,2,./Size Estimation/Sorting/L_1I.jpg
0,0,-1,./Color/Badami/Healthy/Unripe/1 (18).jpg
0,0,-1,./Color/Badami/Healthy/Unripe/1 (27).jpg
0,0,-1,./Color/Badami/Healthy/Unripe/1 (57).jpg
0,0,-1,./Color/Badami/Healthy/Unripe/1 (7).jpg
0,0,-1,./Color/Badami/Healthy/Unripe/1 (53).jpg
0,0,-1,./Color/Badami/Healthy/Unripe/1 (47).jpg
0,0,-1,./Color/Badami/Healthy/Unripe/1 (52).jpg
0,0,-1,./Color/Badami/Healthy/Unripe/1 (25).jpg
0,0,-1,./Color/Badami/Healthy/Unripe/1 (73).jpg
0,0,-1,./Color/Badami/Healthy/Unripe/1 (28).jpg
0,0,-1,./Color/Badami/Healthy/Unripe/1 (40).jpg
0,0,-1,./Color/Badami/Healthy/Unripe/1 (72).jpg
0,0,-1,./Color/Badami/Healthy/Unripe/1 (48).jpg
0,0,-1,./Color/Badami/Healthy/Unripe/1 (70).jpg
0,0,-1,./Color/Badami/Healthy/Unripe/1 (60).jpg
0,0,-1,./Color/Badami/Healthy/Unripe/1 (11).jpg
0,0,-1,./Color/Badami/Healthy/Unripe/1 (6).jpg
0,0,-1,./Color/Badami/Healthy/Unripe/1 (19).jpg
0,0,-1,./Color/Badami/Healthy/Unripe/1 (54).jpg
0,0,-1,./Color/Badami/Healthy/Unripe/1 (12).jpg
0,0,-1,./Color/Badami/Healthy/Unripe/1 (26).jpg
0,0,-1,./Color/Badami/Healthy/Unripe/1 (31).jpg
0,0,-1,./Color/Badami/Healthy/Unripe/1 (36).jpg
0,0,-1,./Color/Badami/Healthy/Unripe/1 (65).jpg
0,0,-1,./Color/Badami/Healthy/Unripe/1 (5).jpg
0,0,-1,./Color/Badami/Healthy/Unripe/1 (10).jpg
0,0,-1,./Color/Badami/Healthy/Unripe/1 (16).jpg
0,0,-1,./Color/Badami/Healthy/Unripe/1 (67).jpg
0,0,-1,./Color/Badami/Healthy/Unripe/1 (71).jpg
0,0,-1,./Color/Badami/Healthy/Unripe/1 (13).jpg
0,0,-1,./Color/Badami/Healthy/Unripe/1 (32).jpg
0,0,-1,./Color/Badami/Healthy/Unripe/1 (33).jpg
0,0,-1,./Color/Badami/Healthy/Unripe/1 (20).jpg
0,0,-1,./Color/Badami/Healthy/Unripe/1 (14).jpg
0,0,-1,./Color/Badami/Healthy/Unripe/1 (59).jpg
0,0,-1,./Color/Badami/Healthy/Unripe/1 (42).jpg
0,0,-1,./Color/Badami/Healthy/Unripe/1 (69).jpg
0,0,-1,./Color/Badami/Healthy/Unripe/1 (23).jpg
0,0,-1,./Color/Badami/Healthy/Unripe/1 (41).jpg
0,0,-1,./Color/Badami/Healthy/Unripe/1 (61).jpg
0,0,-1,./Color/Badami/Healthy/Unripe/1 (74).jpg
0,0,-1,./Color/Badami/Healthy/Unripe/1 (8).jpg
0,0,-1,./Color/Badami/Healthy/Unripe/1 (30).jpg
0,0,-1,./Color/Badami/Healthy/Unripe/1 (56).jpg
0,0,-1,./Color/Badami/Healthy/Unripe/1 (38).jpg
0,0,-1,./Color/Badami/Healthy/Unripe/1 (1).jpg
0,0,-1,./Color/Badami/Healthy/Unripe/1 (63).jpg
0,0,-1,./Color/Badami/Healthy/Unripe/1 (46).jpg
0,0,-1,./Color/Badami/Healthy/Unripe/1 (17).jpg
0,0,-1,./Color/Badami/Healthy/Unripe/1 (44).jpg
0,0,-1,./Color/Badami/Healthy/Unripe/1 (64).jpg
0,0,-1,./Color/Badami/Healthy/Unripe/1 (75).jpg
0,0,-1,./Color/Badami/Healthy/Unripe/1 (2).jpg
0,0,-1,./Color/Badami/Healthy/Unripe/1 (45).jpg
0,0,-1,./Color/Badami/Healthy/Unripe/1 (21).jpg
0,0,-1,./Color/Badami/Healthy/Unripe/1 (22).jpg
0,0,-1,./Color/Badami/Healthy/Unripe/1 (29).jpg
0,0,-1,./Color/Badami/Healthy/Unripe/1 (35).jpg
0,0,-1,./Color/Badami/Healthy/Unripe/1 (15).jpg
0,0,-1,./Color/Badami/Healthy/Unripe/1 (62).jpg
0,0,-1,./Color/Badami/Healthy/Unripe/1 (66).jpg
0,0,-1,./Color/Badami/Healthy/Unripe/1 (37).jpg
0,0,-1,./Color/Badami/Healthy/Unripe/1 (49).jpg
0,0,-1,./Color/Badami/Healthy/Unripe/1 (58).jpg
0,0,-1,./Color/Badami/Healthy/Unripe/1 (43).jpg
0,0,-1,./Color/Badami/Healthy/Unripe/1 (4).jpg
0,0,-1,./Color/Badami/Healthy/Unripe/1 (55).jpg
0,0,-1,./Color/Badami/Healthy/Unripe/1 (39).jpg
0,0,-1,./Color/Badami/Healthy/Unripe/1 (34).jpg
0,0,-1,./Color/Badami/Healthy/Unripe/1 (50).jpg
0,0,-1,./Color/Badami/Healthy/Unripe/1 (24).jpg
0,0,-1,./Color/Badami/Healthy/Unripe/1 (9).jpg
0,0,-1,./Color/Badami/Healthy/Unripe/1 (3).jpg
0,0,-1,./Color/Badami/Healthy/Unripe/1 (51).jpg
0,0,-1,./Color/Badami/Healthy/Unripe/1 (68).jpg
0,1,-1,./Color/Badami/Healthy/Ripe/1 (18).jpg
0,1,-1,./Color/Badami/Healthy/Ripe/1 (27).jpg
0,1,-1,./Color/Badami/Healthy/Ripe/1 (57).jpg
0,1,-1,./Color/Badami/Healthy/Ripe/1 (7).jpg
0,1,-1,./Color/Badami/Healthy/Ripe/1 (53).jpg
0,1,-1,./Color/Badami/Healthy/Ripe/1 (40)(1).jpg
0,1,-1,./Color/Badami/Healthy/Ripe/1 (47).jpg
0,1,-1,./Color/Badami/Healthy/Ripe/1 (52).jpg
0,1,-1,./Color/Badami/Healthy/Ripe/1 (25).jpg
0,1,-1,./Color/Badami/Healthy/Ripe/1 (73).jpg
0,1,-1,./Color/Badami/Healthy/Ripe/1 (28).jpg
0,1,-1,./Color/Badami/Healthy/Ripe/1 (40).jpg
0,1,-1,./Color/Badami/Healthy/Ripe/1 (88).jpg
0,1,-1,./Color/Badami/Healthy/Ripe/1 (80).jpg
0,1,-1,./Color/Badami/Healthy/Ripe/1 (72).jpg
0,1,-1,./Color/Badami/Healthy/Ripe/1 (85).jpg
0,1,-1,./Color/Badami/Healthy/Ripe/1 (48).jpg
0,1,-1,./Color/Badami/Healthy/Ripe/1 (70).jpg
0,1,-1,./Color/Badami/Healthy/Ripe/1 (60).jpg
0,1,-1,./Color/Badami/Healthy/Ripe/1 (11).jpg
0,1,-1,./Color/Badami/Healthy/Ripe/1 (6).jpg
0,1,-1,./Color/Badami/Healthy/Ripe/1 (86).jpg
0,1,-1,./Color/Badami/Healthy/Ripe/1 (19).jpg
0,1,-1,./Color/Badami/Healthy/Ripe/1 (54).jpg
0,1,-1,./Color/Badami/Healthy/Ripe/1 (89).jpg
0,1,-1,./Color/Badami/Healthy/Ripe/1 (39)(1).jpg
0,1,-1,./Color/Badami/Healthy/Ripe/1 (12).jpg
0,1,-1,./Color/Badami/Healthy/Ripe/1 (26).jpg
0,1,-1,./Color/Badami/Healthy/Ripe/1 (31).jpg
0,1,-1,./Color/Badami/Healthy/Ripe/1 (36).jpg
0,1,-1,./Color/Badami/Healthy/Ripe/1 (65).jpg
0,1,-1,./Color/Badami/Healthy/Ripe/1 (5).jpg
0,1,-1,./Color/Badami/Healthy/Ripe/1 (10).jpg
0,1,-1,./Color/Badami/Healthy/Ripe/1 (16).jpg
0,1,-1,./Color/Badami/Healthy/Ripe/1 (67).jpg
0,1,-1,./Color/Badami/Healthy/Ripe/1 (71).jpg
0,1,-1,./Color/Badami/Healthy/Ripe/1 (38)(1).jpg
0,1,-1,./Color/Badami/Healthy/Ripe/1 (76).jpg
0,1,-1,./Color/Badami/Healthy/Ripe/1 (13).jpg
0,1,-1,./Color/Badami/Healthy/Ripe/1 (32).jpg
0,1,-1,./Color/Badami/Healthy/Ripe/1 (41)(1).jpg
0,1,-1,./Color/Badami/Healthy/Ripe/1 (33).jpg
0,1,-1,./Color/Badami/Healthy/Ripe/1 (87).jpg
0,1,-1,./Color/Badami/Healthy/Ripe/1 (20).jpg
0,1,-1,./Color/Badami/Healthy/Ripe/1 (78).jpg
0,1,-1,./Color/Badami/Healthy/Ripe/1 (81).jpg
0,1,-1,./Color/Badami/Healthy/Ripe/1 (14).jpg
0,1,-1,./Color/Badami/Healthy/Ripe/1 (59).jpg
0,1,-1,./Color/Badami/Healthy/Ripe/1 (42).jpg
0,1,-1,./Color/Badami/Healthy/Ripe/1 (69).jpg
0,1,-1,./Color/Badami/Healthy/Ripe/1 (23).jpg
0,1,-1,./Color/Badami/Healthy/Ripe/1 (41).jpg
0,1,-1,./Color/Badami/Healthy/Ripe/1 (61).jpg
0,1,-1,./Color/Badami/Healthy/Ripe/1 (74).jpg
0,1,-1,./Color/Badami/Healthy/Ripe/1 (8).jpg
0,1,-1,./Color/Badami/Healthy/Ripe/1 (30).jpg
0,1,-1,./Color/Badami/Healthy/Ripe/1 (56).jpg
0,1,-1,./Color/Badami/Healthy/Ripe/1 (82).jpg
0,1,-1,./Color/Badami/Healthy/Ripe/1 (38).jpg
0,1,-1,./Color/Badami/Healthy/Ripe/1 (1).jpg
0,1,-1,./Color/Badami/Healthy/Ripe/1 (63).jpg
0,1,-1,./Color/Badami/Healthy/Ripe/1 (46).jpg
0,1,-1,./Color/Badami/Healthy/Ripe/1 (17).jpg
0,1,-1,./Color/Badami/Healthy/Ripe/1 (44).jpg
0,1,-1,./Color/Badami/Healthy/Ripe/1 (64).jpg
0,1,-1,./Color/Badami/Healthy/Ripe/1 (75).jpg
0,1,-1,./Color/Badami/Healthy/Ripe/1 (2).jpg
0,1,-1,./Color/Badami/Healthy/Ripe/1 (45).jpg
0,1,-1,./Color/Badami/Healthy/Ripe/1 (21).jpg
0,1,-1,./Color/Badami/Healthy/Ripe/1 (22).jpg
0,1,-1,./Color/Badami/Healthy/Ripe/1 (29).jpg
0,1,-1,./Color/Badami/Healthy/Ripe/1 (83).jpg
0,1,-1,./Color/Badami/Healthy/Ripe/1 (84).jpg
0,1,-1,./Color/Badami/Healthy/Ripe/1 (35).jpg
0,1,-1,./Color/Badami/Healthy/Ripe/1 (15).jpg
0,1,-1,./Color/Badami/Healthy/Ripe/1 (62).jpg
0,1,-1,./Color/Badami/Healthy/Ripe/1 (66).jpg
0,1,-1,./Color/Badami/Healthy/Ripe/1 (37).jpg
0,1,-1,./Color/Badami/Healthy/Ripe/1 (49).jpg
0,1,-1,./Color/Badami/Healthy/Ripe/1 (58).jpg
0,1,-1,./Color/Badami/Healthy/Ripe/1 (43).jpg
0,1,-1,./Color/Badami/Healthy/Ripe/1 (4).jpg
0,1,-1,./Color/Badami/Healthy/Ripe/1 (55).jpg
0,1,-1,./Color/Badami/Healthy/Ripe/1 (39).jpg
0,1,-1,./Color/Badami/Healthy/Ripe/1 (79).jpg
0,1,-1,./Color/Badami/Healthy/Ripe/1 (34).jpg
0,1,-1,./Color/Badami/Healthy/Ripe/1 (50).jpg
0,1,-1,./Color/Badami/Healthy/Ripe/1 (24).jpg
0,1,-1,./Color/Badami/Healthy/Ripe/1 (9).jpg
0,1,-1,./Color/Badami/Healthy/Ripe/1 (4)(1).jpg
0,1,-1,./Color/Badami/Healthy/Ripe/1 (3).jpg
0,1,-1,./Color/Badami/Healthy/Ripe/1 (77).jpg
0,1,-1,./Color/Badami/Healthy/Ripe/1 (51).jpg
0,1,-1,./Color/Badami/Healthy/Ripe/1 (68).jpg
1,-1,-1,./Color/Badami/Diseased/1 (18).jpg
1,-1,-1,./Color/Badami/Diseased/1 (27).jpg
1,-1,-1,./Color/Badami/Diseased/1 (7).jpg
1,-1,-1,./Color/Badami/Diseased/1 (25).jpg
1,-1,-1,./Color/Badami/Diseased/1 (28).jpg
1,-1,-1,./Color/Badami/Diseased/1 (11).jpg
1,-1,-1,./Color/Badami/Diseased/1 (6).jpg
1,-1,-1,./Color/Badami/Diseased/1 (19).jpg
1,-1,-1,./Color/Badami/Diseased/1 (12).jpg
1,-1,-1,./Color/Badami/Diseased/1 (26).jpg
1,-1,-1,./Color/Badami/Diseased/1 (31).jpg
1,-1,-1,./Color/Badami/Diseased/1 (5).jpg
1,-1,-1,./Color/Badami/Diseased/1 (10).jpg
1,-1,-1,./Color/Badami/Diseased/1 (16).jpg
1,-1,-1,./Color/Badami/Diseased/1 (13).jpg
1,-1,-1,./Color/Badami/Diseased/1 (32).jpg
1,-1,-1,./Color/Badami/Diseased/1 (33).jpg
1,-1,-1,./Color/Badami/Diseased/1 (20).jpg
1,-1,-1,./Color/Badami/Diseased/1 (14).jpg
1,-1,-1,./Color/Badami/Diseased/1 (23).jpg
1,-1,-1,./Color/Badami/Diseased/1 (8).jpg
1,-1,-1,./Color/Badami/Diseased/1 (30).jpg
1,-1,-1,./Color/Badami/Diseased/1 (1).jpg
1,-1,-1,./Color/Badami/Diseased/1 (17).jpg
1,-1,-1,./Color/Badami/Diseased/1 (2).jpg
1,-1,-1,./Color/Badami/Diseased/1 (21).jpg
1,-1,-1,./Color/Badami/Diseased/1 (22).jpg
1,-1,-1,./Color/Badami/Diseased/1 (29).jpg
1,-1,-1,./Color/Badami/Diseased/1 (35).jpg
1,-1,-1,./Color/Badami/Diseased/1 (15).jpg
1,-1,-1,./Color/Badami/Diseased/1 (4).jpg
1,-1,-1,./Color/Badami/Diseased/1 (34).jpg
1,-1,-1,./Color/Badami/Diseased/1 (24).jpg
1,-1,-1,./Color/Badami/Diseased/1 (9).jpg
1,-1,-1,./Color/Badami/Diseased/1 (3).jpg
-1,-1,-1,./Color/Kesar/1 (18).jpg
-1,-1,-1,./Color/Kesar/1 (99).jpg
-1,-1,-1,./Color/Kesar/1 (27).jpg
-1,-1,-1,./Color/Kesar/1 (57).jpg
-1,-1,-1,./Color/Kesar/1 (106).jpg
-1,-1,-1,./Color/Kesar/1 (7).jpg
-1,-1,-1,./Color/Kesar/1 (53).jpg
-1,-1,-1,./Color/Kesar/1 (47).jpg
-1,-1,-1,./Color/Kesar/1 (52).jpg
-1,-1,-1,./Color/Kesar/1 (25).jpg
-1,-1,-1,./Color/Kesar/1 (28).jpg
-1,-1,-1,./Color/Kesar/1 (40).jpg
-1,-1,-1,./Color/Kesar/1 (104).jpg
-1,-1,-1,./Color/Kesar/1 (88).jpg
-1,-1,-1,./Color/Kesar/1 (80).jpg
-1,-1,-1,./Color/Kesar/1 (72).jpg
-1,-1,-1,./Color/Kesar/1 (85).jpg
-1,-1,-1,./Color/Kesar/1 (48).jpg
-1,-1,-1,./Color/Kesar/1 (70).jpg
-1,-1,-1,./Color/Kesar/1 (60).jpg
-1,-1,-1,./Color/Kesar/1 (11).jpg
-1,-1,-1,./Color/Kesar/1 (6).jpg
-1,-1,-1,./Color/Kesar/1 (86).jpg
-1,-1,-1,./Color/Kesar/1 (19).jpg
-1,-1,-1,./Color/Kesar/1 (93).jpg
-1,-1,-1,./Color/Kesar/1 (54).jpg
-1,-1,-1,./Color/Kesar/1 (89).jpg
-1,-1,-1,./Color/Kesar/1 (105).jpg
-1,-1,-1,./Color/Kesar/1 (102).jpg
-1,-1,-1,./Color/Kesar/1 (12).jpg
-1,-1,-1,./Color/Kesar/1 (26).jpg
-1,-1,-1,./Color/Kesar/1 (31).jpg
-1,-1,-1,./Color/Kesar/1 (36).jpg
-1,-1,-1,./Color/Kesar/1 (65).jpg
-1,-1,-1,./Color/Kesar/1 (5).jpg
-1,-1,-1,./Color/Kesar/1 (10).jpg
-1,-1,-1,./Color/Kesar/1 (16).jpg
-1,-1,-1,./Color/Kesar/1 (97).jpg
-1,-1,-1,./Color/Kesar/1 (67).jpg
-1,-1,-1,./Color/Kesar/1 (95).jpg
-1,-1,-1,./Color/Kesar/1 (71).jpg
-1,-1,-1,./Color/Kesar/1 (13).jpg
-1,-1,-1,./Color/Kesar/1 (32).jpg
-1,-1,-1,./Color/Kesar/1 (33).jpg
-1,-1,-1,./Color/Kesar/1 (87).jpg
-1,-1,-1,./Color/Kesar/1 (20).jpg
-1,-1,-1,./Color/Kesar/1 (78).jpg
-1,-1,-1,./Color/Kesar/1 (81).jpg
-1,-1,-1,./Color/Kesar/1 (14).jpg
-1,-1,-1,./Color/Kesar/1 (59).jpg
-1,-1,-1,./Color/Kesar/1 (100).jpg
-1,-1,-1,./Color/Kesar/1 (42).jpg
-1,-1,-1,./Color/Kesar/1 (69).jpg
-1,-1,-1,./Color/Kesar/1 (23).jpg
-1,-1,-1,./Color/Kesar/1 (91).jpg
-1,-1,-1,./Color/Kesar/1 (41).jpg
-1,-1,-1,./Color/Kesar/1 (61).jpg
-1,-1,-1,./Color/Kesar/1 (90).jpg
-1,-1,-1,./Color/Kesar/1 (74).jpg
-1,-1,-1,./Color/Kesar/1 (8).jpg
-1,-1,-1,./Color/Kesar/1 (30).jpg
-1,-1,-1,./Color/Kesar/1 (56).jpg
-1,-1,-1,./Color/Kesar/1 (82).jpg
-1,-1,-1,./Color/Kesar/1 (38).jpg
-1,-1,-1,./Color/Kesar/1 (1).jpg
-1,-1,-1,./Color/Kesar/1 (63).jpg
-1,-1,-1,./Color/Kesar/1 (96).jpg
-1,-1,-1,./Color/Kesar/1 (17).jpg
-1,-1,-1,./Color/Kesar/1 (44).jpg
-1,-1,-1,./Color/Kesar/1 (64).jpg
-1,-1,-1,./Color/Kesar/1 (94).jpg
-1,-1,-1,./Color/Kesar/1 (75).jpg
-1,-1,-1,./Color/Kesar/1 (2).jpg
-1,-1,-1,./Color/Kesar/1 (45).jpg
-1,-1,-1,./Color/Kesar/1 (21).jpg
-1,-1,-1,./Color/Kesar/1 (92).jpg
-1,-1,-1,./Color/Kesar/1 (22).jpg
-1,-1,-1,./Color/Kesar/1 (29).jpg
-1,-1,-1,./Color/Kesar/1 (83).jpg
-1,-1,-1,./Color/Kesar/1 (84).jpg
-1,-1,-1,./Color/Kesar/1 (35).jpg
-1,-1,-1,./Color/Kesar/1 (98).jpg
-1,-1,-1,./Color/Kesar/1 (15).jpg
-1,-1,-1,./Color/Kesar/1 (101).jpg
-1,-1,-1,./Color/Kesar/1 (62).jpg
-1,-1,-1,./Color/Kesar/1 (66).jpg
-1,-1,-1,./Color/Kesar/1 (37).jpg
-1,-1,-1,./Color/Kesar/1 (49).jpg
-1,-1,-1,./Color/Kesar/1 (58).jpg
-1,-1,-1,./Color/Kesar/1 (43).jpg
-1,-1,-1,./Color/Kesar/1 (4).jpg
-1,-1,-1,./Color/Kesar/1 (55).jpg
-1,-1,-1,./Color/Kesar/1 (39).jpg
-1,-1,-1,./Color/Kesar/1 (79).jpg
-1,-1,-1,./Color/Kesar/1 (34).jpg
-1,-1,-1,./Color/Kesar/1 (50).jpg
-1,-1,-1,./Color/Kesar/1 (24).jpg
-1,-1,-1,./Color/Kesar/1 (9).jpg
-1,-1,-1,./Color/Kesar/1 (3).jpg
-1,-1,-1,./Color/Kesar/1 (77).jpg
-1,-1,-1,./Color/Kesar/1 (103).jpg
-1,-1,-1,./Color/Kesar/1 (51).jpg
-1,-1,-1,./Color/Kesar/1 (68).jpg
-1,-1,-1,./Color/Neelam/1 (7).jpg
-1,-1,-1,./Color/Neelam/1 (11).jpg
-1,-1,-1,./Color/Neelam/1 (6).jpg
-1,-1,-1,./Color/Neelam/1 (12).jpg
-1,-1,-1,./Color/Neelam/1 (5).jpg
-1,-1,-1,./Color/Neelam/1 (10).jpg
-1,-1,-1,./Color/Neelam/1 (13).jpg
-1,-1,-1,./Color/Neelam/1 (14).jpg
-1,-1,-1,./Color/Neelam/1 (8).jpg
-1,-1,-1,./Color/Neelam/1 (1).jpg
-1,-1,-1,./Color/Neelam/1 (2).jpg
-1,-1,-1,./Color/Neelam/1 (15).jpg
-1,-1,-1,./Color/Neelam/1 (4).jpg
-1,-1,-1,./Color/Neelam/1 (9).jpg
-1,-1,-1,./Color/Neelam/1 (3).jpg
0,0,-1,./Color/Totapuri/Healthy/Unripe/1 (18).jpg
0,0,-1,./Color/Totapuri/Healthy/Unripe/1 (99).jpg
0,0,-1,./Color/Totapuri/Healthy/Unripe/1 (27).jpg
0,0,-1,./Color/Totapuri/Healthy/Unripe/1 (133).jpg
0,0,-1,./Color/Totapuri/Healthy/Unripe/1 (57).jpg
0,0,-1,./Color/Totapuri/Healthy/Unripe/1 (7).jpg
0,0,-1,./Color/Totapuri/Healthy/Unripe/1 (53).jpg
0,0,-1,./Color/Totapuri/Healthy/Unripe/1 (47).jpg
0,0,-1,./Color/Totapuri/Healthy/Unripe/1 (52).jpg
0,0,-1,./Color/Totapuri/Healthy/Unripe/1 (25).jpg
0,0,-1,./Color/Totapuri/Healthy/Unripe/1 (103)_1.jpg
0,0,-1,./Color/Totapuri/Healthy/Unripe/1 (73).jpg
0,0,-1,./Color/Totapuri/Healthy/Unripe/1 (28).jpg
0,0,-1,./Color/Totapuri/Healthy/Unripe/1 (40).jpg
0,0,-1,./Color/Totapuri/Healthy/Unripe/1 (107).jpg
0,0,-1,./Color/Totapuri/Healthy/Unripe/1 (88).jpg
0,0,-1,./Color/Totapuri/Healthy/Unripe/1 (132).jpg
0,0,-1,./Color/Totapuri/Healthy/Unripe/1 (80).jpg
0,0,-1,./Color/Totapuri/Healthy/Unripe/1 (72).jpg
0,0,-1,./Color/Totapuri/Healthy/Unripe/1 (85).jpg
0,0,-1,./Color/Totapuri/Healthy/Unripe/1 (48).jpg
0,0,-1,./Color/Totapuri/Healthy/Unripe/1 (70).jpg
0,0,-1,./Color/Totapuri/Healthy/Unripe/1 (60).jpg
0,0,-1,./Color/Totapuri/Healthy/Unripe/1 (11).jpg
0,0,-1,./Color/Totapuri/Healthy/Unripe/1 (6).jpg
0,0,-1,./Color/Totapuri/Healthy/Unripe/1 (86).jpg
0,0,-1,./Color/Totapuri/Healthy/Unripe/1 (19).jpg
0,0,-1,./Color/Totapuri/Healthy/Unripe/1 (93).jpg
0,0,-1,./Color/Totapuri/Healthy/Unripe/1 (54).jpg
0,0,-1,./Color/Totapuri/Healthy/Unripe/1 (89).jpg
0,0,-1,./Color/Totapuri/Healthy/Unripe/1 (117).jpg
0,0,-1,./Color/Totapuri/Healthy/Unripe/1 (143).jpg
0,0,-1,./Color/Totapuri/Healthy/Unripe/1 (102).jpg
0,0,-1,./Color/Totapuri/Healthy/Unripe/1 (12).jpg
0,0,-1,./Color/Totapuri/Healthy/Unripe/1 (26).jpg
0,0,-1,./Color/Totapuri/Healthy/Unripe/1 (114).jpg
0,0,-1,./Color/Totapuri/Healthy/Unripe/1 (121).jpg
0,0,-1,./Color/Totapuri/Healthy/Unripe/1 (113).jpg
0,0,-1,./Color/Totapuri/Healthy/Unripe/1 (141).jpg
0,0,-1,./Color/Totapuri/Healthy/Unripe/1 (31).jpg
0,0,-1,./Color/Totapuri/Healthy/Unripe/1 (36).jpg
0,0,-1,./Color/Totapuri/Healthy/Unripe/1 (128).jpg
0,0,-1,./Color/Totapuri/Healthy/Unripe/1 (120).jpg
0,0,-1,./Color/Totapuri/Healthy/Unripe/1 (65).jpg
0,0,-1,./Color/Totapuri/Healthy/Unripe/1 (5).jpg
0,0,-1,./Color/Totapuri/Healthy/Unripe/1 (10).jpg
0,0,-1,./Color/Totapuri/Healthy/Unripe/1 (16).jpg
0,0,-1,./Color/Totapuri/Healthy/Unripe/1 (144).jpg
0,0,-1,./Color/Totapuri/Healthy/Unripe/1 (97).jpg
0,0,-1,./Color/Totapuri/Healthy/Unripe/1 (108).jpg
0,0,-1,./Color/Totapuri/Healthy/Unripe/1 (67).jpg
0,0,-1,./Color/Totapuri/Healthy/Unripe/1 (95).jpg
0,0,-1,./Color/Totapuri/Healthy/Unripe/1 (71).jpg
0,0,-1,./Color/Totapuri/Healthy/Unripe/1 (127).jpg
0,0,-1,./Color/Totapuri/Healthy/Unripe/1 (76).jpg
0,0,-1,./Color/Totapuri/Healthy/Unripe/1 (13).jpg
0,0,-1,./Color/Totapuri/Healthy/Unripe/1 (32).jpg
0,0,-1,./Color/Totapuri/Healthy/Unripe/1 (130).jpg
0,0,-1,./Color/Totapuri/Healthy/Unripe/1 (33).jpg
0,0,-1,./Color/Totapuri/Healthy/Unripe/1 (87).jpg
0,0,-1,./Color/Totapuri/Healthy/Unripe/1 (20).jpg
0,0,-1,./Color/Totapuri/Healthy/Unripe/1 (78).jpg
0,0,-1,./Color/Totapuri/Healthy/Unripe/1 (81).jpg
0,0,-1,./Color/Totapuri/Healthy/Unripe/1 (14).jpg
0,0,-1,./Color/Totapuri/Healthy/Unripe/1 (59).jpg
0,0,-1,./Color/Totapuri/Healthy/Unripe/1 (100).jpg
0,0,-1,./Color/Totapuri/Healthy/Unripe/1 (118).jpg
0,0,-1,./Color/Totapuri/Healthy/Unripe/1 (140).jpg
0,0,-1,./Color/Totapuri/Healthy/Unripe/1 (139).jpg
0,0,-1,./Color/Totapuri/Healthy/Unripe/1 (42).jpg
0,0,-1,./Color/Totapuri/Healthy/Unripe/1 (69).jpg
0,0,-1,./Color/Totapuri/Healthy/Unripe/1 (23).jpg
0,0,-1,./Color/Totapuri/Healthy/Unripe/1 (122).jpg
0,0,-1,./Color/Totapuri/Healthy/Unripe/1 (116).jpg
0,0,-1,./Color/Totapuri/Healthy/Unripe/1 (131).jpg
0,0,-1,./Color/Totapuri/Healthy/Unripe/1 (91).jpg
0,0,-1,./Color/Totapuri/Healthy/Unripe/1 (41).jpg
0,0,-1,./Color/Totapuri/Healthy/Unripe/1 (109).jpg
0,0,-1,./Color/Totapuri/Healthy/Unripe/1 (61).jpg
0,0,-1,./Color/Totapuri/Healthy/Unripe/1 (90).jpg
0,0,-1,./Color/Totapuri/Healthy/Unripe/1 (74).jpg
0,0,-1,./Color/Totapuri/Healthy/Unripe/1 (8).jpg
0,0,-1,./Color/Totapuri/Healthy/Unripe/1 (30).jpg
0,0,-1,./Color/Totapuri/Healthy/Unripe/1 (56).jpg
0,0,-1,./Color/Totapuri/Healthy/Unripe/1 (82).jpg
0,0,-1,./Color/Totapuri/Healthy/Unripe/1 (38).jpg
0,0,-1,./Color/Totapuri/Healthy/Unripe/1 (1).jpg
0,0,-1,./Color/Totapuri/Healthy/Unripe/1 (63).jpg
0,0,-1,./Color/Totapuri/Healthy/Unripe/1 (96).jpg
0,0,-1,./Color/Totapuri/Healthy/Unripe/1 (46).jpg
0,0,-1,./Color/Totapuri/Healthy/Unripe/1 (137).jpg
0,0,-1,./Color/Totapuri/Healthy/Unripe/1 (17).jpg
0,0,-1,./Color/Totapuri/Healthy/Unripe/1 (44).jpg
0,0,-1,./Color/Totapuri/Healthy/Unripe/1 (64).jpg
0,0,-1,./Color/Totapuri/Healthy/Unripe/1 (94).jpg
0,0,-1,./Color/Totapuri/Healthy/Unripe/1 (115).jpg
0,0,-1,./Color/Totapuri/Healthy/Unripe/1 (75).jpg
0,0,-1,./Color/Totapuri/Healthy/Unripe/1 (2).jpg
0,0,-1,./Color/Totapuri/Healthy/Unripe/1 (45).jpg
0,0,-1,./Color/Totapuri/Healthy/Unripe/1 (21).jpg
0,0,-1,./Color/Totapuri/Healthy/Unripe/1 (135).jpg
0,0,-1,./Color/Totapuri/Healthy/Unripe/1 (92).jpg
0,0,-1,./Color/Totapuri/Healthy/Unripe/1 (22).jpg
0,0,-1,./Color/Totapuri/Healthy/Unripe/1 (29).jpg
0,0,-1,./Color/Totapuri/Healthy/Unripe/1 (83).jpg
0,0,-1,./Color/Totapuri/Healthy/Unripe/1 (84).jpg
0,0,-1,./Color/Totapuri/Healthy/Unripe/1 (35).jpg
0,0,-1,./Color/Totapuri/Healthy/Unripe/1 (98).jpg
0,0,-1,./Color/Totapuri/Healthy/Unripe/1 (134).jpg
0,0,-1,./Color/Totapuri/Healthy/Unripe/1 (15).jpg
0,0,-1,./Color/Totapuri/Healthy/Unripe/1 (138).jpg
0,0,-1,./Color/Totapuri/Healthy/Unripe/1 (101).jpg
0,0,-1,./Color/Totapuri/Healthy/Unripe/1 (112).jpg
0,0,-1,./Color/Totapuri/Healthy/Unripe/1 (62).jpg
0,0,-1,./Color/Totapuri/Healthy/Unripe/1 (66).jpg
0,0,-1,./Color/Totapuri/Healthy/Unripe/1 (37).jpg
0,0,-1,./Color/Totapuri/Healthy/Unripe/1 (49).jpg
0,0,-1,./Color/Totapuri/Healthy/Unripe/1 (58).jpg
0,0,-1,./Color/Totapuri/Healthy/Unripe/1 (43).jpg
0,0,-1,./Color/Totapuri/Healthy/Unripe/1 (142).jpg
0,0,-1,./Color/Totapuri/Healthy/Unripe/1 (4).jpg
0,0,-1,./Color/Totapuri/Healthy/Unripe/1 (55).jpg
0,0,-1,./Color/Totapuri/Healthy/Unripe/1 (39).jpg
0,0,-1,./Color/Totapuri/Healthy/Unripe/1 (123).jpg
0,0,-1,./Color/Totapuri/Healthy/Unripe/1 (136).jpg
0,0,-1,./Color/Totapuri/Healthy/Unripe/1 (79).jpg
0,0,-1,./Color/Totapuri/Healthy/Unripe/1 (34).jpg
0,0,-1,./Color/Totapuri/Healthy/Unripe/1 (133)_1.jpg
0,0,-1,./Color/Totapuri/Healthy/Unripe/1 (50).jpg
0,0,-1,./Color/Totapuri/Healthy/Unripe/1 (24).jpg
0,0,-1,./Color/Totapuri/Healthy/Unripe/1 (9).jpg
0,0,-1,./Color/Totapuri/Healthy/Unripe/1 (119).jpg
0,0,-1,./Color/Totapuri/Healthy/Unripe/1 (3).jpg
0,0,-1,./Color/Totapuri/Healthy/Unripe/1 (77).jpg
0,0,-1,./Color/Totapuri/Healthy/Unripe/1 (51).jpg
0,0,-1,./Color/Totapuri/Healthy/Unripe/1 (68).jpg
0,1,-1,./Color/Totapuri/Healthy/Ripe/1 (18).jpg
0,1,-1,./Color/Totapuri/Healthy/Ripe/1 (27).jpg
0,1,-1,./Color/Totapuri/Healthy/Ripe/1 (7).jpg
0,1,-1,./Color/Totapuri/Healthy/Ripe/1 (47).jpg
0,1,-1,./Color/Totapuri/Healthy/Ripe/1 (52).jpg
0,1,-1,./Color/Totapuri/Healthy/Ripe/1 (25).jpg
0,1,-1,./Color/Totapuri/Healthy/Ripe/1 (28).jpg
0,1,-1,./Color/Totapuri/Healthy/Ripe/1 (40).jpg
0,1,-1,./Color/Totapuri/Healthy/Ripe/1 (48).jpg
0,1,-1,./Color/Totapuri/Healthy/Ripe/1 (11).jpg
0,1,-1,./Color/Totapuri/Healthy/Ripe/1 (6).jpg
0,1,-1,./Color/Totapuri/Healthy/Ripe/1 (19).jpg
0,1,-1,./Color/Totapuri/Healthy/Ripe/1 (12).jpg
0,1,-1,./Color/Totapuri/Healthy/Ripe/1 (26).jpg
0,1,-1,./Color/Totapuri/Healthy/Ripe/1 (31).jpg
0,1,-1,./Color/Totapuri/Healthy/Ripe/1 (36).jpg
0,1,-1,./Color/Totapuri/Healthy/Ripe/1 (5).jpg
0,1,-1,./Color/Totapuri/Healthy/Ripe/1 (10).jpg
0,1,-1,./Color/Totapuri/Healthy/Ripe/1 (16).jpg
0,1,-1,./Color/Totapuri/Healthy/Ripe/1 (13).jpg
0,1,-1,./Color/Totapuri/Healthy/Ripe/1 (32).jpg
0,1,-1,./Color/Totapuri/Healthy/Ripe/1 (33).jpg
0,1,-1,./Color/Totapuri/Healthy/Ripe/1 (20).jpg
0,1,-1,./Color/Totapuri/Healthy/Ripe/1 (14).jpg
0,1,-1,./Color/Totapuri/Healthy/Ripe/1 (42).jpg
0,1,-1,./Color/Totapuri/Healthy/Ripe/1 (23).jpg
0,1,-1,./Color/Totapuri/Healthy/Ripe/1 (41).jpg
0,1,-1,./Color/Totapuri/Healthy/Ripe/1 (8).jpg
0,1,-1,./Color/Totapuri/Healthy/Ripe/1 (30).jpg
0,1,-1,./Color/Totapuri/Healthy/Ripe/1 (38).jpg
0,1,-1,./Color/Totapuri/Healthy/Ripe/1 (1).jpg
0,1,-1,./Color/Totapuri/Healthy/Ripe/1 (46).jpg
0,1,-1,./Color/Totapuri/Healthy/Ripe/1 (17).jpg
0,1,-1,./Color/Totapuri/Healthy/Ripe/1 (44).jpg
0,1,-1,./Color/Totapuri/Healthy/Ripe/1 (2).jpg
0,1,-1,./Color/Totapuri/Healthy/Ripe/1 (45).jpg
0,1,-1,./Color/Totapuri/Healthy/Ripe/1 (21).jpg
0,1,-1,./Color/Totapuri/Healthy/Ripe/1 (22).jpg
0,1,-1,./Color/Totapuri/Healthy/Ripe/1 (29).jpg
0,1,-1,./Color/Totapuri/Healthy/Ripe/1 (35).jpg
0,1,-1,./Color/Totapuri/Healthy/Ripe/1 (15).jpg
0,1,-1,./Color/Totapuri/Healthy/Ripe/1 (37).jpg
0,1,-1,./Color/Totapuri/Healthy/Ripe/1 (49).jpg
0,1,-1,./Color/Totapuri/Healthy/Ripe/1 (43).jpg
0,1,-1,./Color/Totapuri/Healthy/Ripe/1 (4).jpg
0,1,-1,./Color/Totapuri/Healthy/Ripe/1 (39).jpg
0,1,-1,./Color/Totapuri/Healthy/Ripe/1 (34).jpg
0,1,-1,./Color/Totapuri/Healthy/Ripe/1 (50).jpg
0,1,-1,./Color/Totapuri/Healthy/Ripe/1 (24).jpg
0,1,-1,./Color/Totapuri/Healthy/Ripe/1 (9).jpg
0,1,-1,./Color/Totapuri/Healthy/Ripe/1 (3).jpg
0,1,-1,./Color/Totapuri/Healthy/Ripe/1 (51).jpg
1,-1,-1,./Color/Totapuri/Diseased/1 (18).jpg
1,-1,-1,./Color/Totapuri/Diseased/1 (7).jpg
1,-1,-1,./Color/Totapuri/Diseased/1 (11).jpg
1,-1,-1,./Color/Totapuri/Diseased/1 (6).jpg
1,-1,-1,./Color/Totapuri/Diseased/1 (12).jpg
1,-1,-1,./Color/Totapuri/Diseased/1 (5).jpg
1,-1,-1,./Color/Totapuri/Diseased/1 (10).jpg
1,-1,-1,./Color/Totapuri/Diseased/1 (16).jpg
1,-1,-1,./Color/Totapuri/Diseased/1 (13).jpg
1,-1,-1,./Color/Totapuri/Diseased/1 (14).jpg
1,-1,-1,./Color/Totapuri/Diseased/1 (8).jpg
1,-1,-1,./Color/Totapuri/Diseased/1 (1).jpg
1,-1,-1,./Color/Totapuri/Diseased/1 (17).jpg
1,-1,-1,./Color/Totapuri/Diseased/1 (2).jpg
1,-1,-1,./Color/Totapuri/Diseased/1 (15).jpg
1,-1,-1,./Color/Totapuri/Diseased/1 (4).jpg
1,-1,-1,./Color/Totapuri/Diseased/1 (9).jpg
1,-1,-1,./Color/Totapuri/Diseased/1 (3).jpg
1,-1,-1,./Disease Severity/1 (18).jpg
1,-1,-1,./Disease Severity/1 (27).jpg
1,-1,-1,./Disease Severity/1 (57).jpg
1,-1,-1,./Disease Severity/1 (7).jpg
1,-1,-1,./Disease Severity/1 (53).jpg
1,-1,-1,./Disease Severity/1 (47).jpg
1,-1,-1,./Disease Severity/1 (52).jpg
1,-1,-1,./Disease Severity/1 (25).jpg
1,-1,-1,./Disease Severity/1 (73).jpg
1,-1,-1,./Disease Severity/1 (28).jpg
1,-1,-1,./Disease Severity/1 (40).jpg
1,-1,-1,./Disease Severity/1 (72).jpg
1,-1,-1,./Disease Severity/1 (48).jpg
1,-1,-1,./Disease Severity/1 (70).jpg
1,-1,-1,./Disease Severity/1 (60).jpg
1,-1,-1,./Disease Severity/1 (11).jpg
1,-1,-1,./Disease Severity/1 (6).jpg
1,-1,-1,./Disease Severity/1 (19).jpg
1,-1,-1,./Disease Severity/1 (54).jpg
1,-1,-1,./Disease Severity/1 (12).jpg
1,-1,-1,./Disease Severity/1 (26).jpg
1,-1,-1,./Disease Severity/1 (31).jpg
1,-1,-1,./Disease Severity/1 (36).jpg
1,-1,-1,./Disease Severity/1 (65).jpg
1,-1,-1,./Disease Severity/1 (5).jpg
1,-1,-1,./Disease Severity/1 (10).jpg
1,-1,-1,./Disease Severity/1 (16).jpg
1,-1,-1,./Disease Severity/1 (67).jpg
1,-1,-1,./Disease Severity/1 (71).jpg
1,-1,-1,./Disease Severity/1 (76).jpg
1,-1,-1,./Disease Severity/1 (13).jpg
1,-1,-1,./Disease Severity/1 (32).jpg
1,-1,-1,./Disease Severity/1 (33).jpg
1,-1,-1,./Disease Severity/1 (20).jpg
1,-1,-1,./Disease Severity/1 (14).jpg
1,-1,-1,./Disease Severity/1 (59).jpg
1,-1,-1,./Disease Severity/1 (42).jpg
1,-1,-1,./Disease Severity/1 (69).jpg
1,-1,-1,./Disease Severity/1 (23).jpg
1,-1,-1,./Disease Severity/1 (41).jpg
1,-1,-1,./Disease Severity/1 (61).jpg
1,-1,-1,./Disease Severity/1 (74).jpg
1,-1,-1,./Disease Severity/1 (8).jpg
1,-1,-1,./Disease Severity/1 (30).jpg
1,-1,-1,./Disease Severity/1 (56).jpg
1,-1,-1,./Disease Severity/1 (38).jpg
1,-1,-1,./Disease Severity/1 (1).jpg
1,-1,-1,./Disease Severity/1 (63).jpg
1,-1,-1,./Disease Severity/1 (46).jpg
1,-1,-1,./Disease Severity/1 (17).jpg
1,-1,-1,./Disease Severity/1 (44).jpg
1,-1,-1,./Disease Severity/1 (64).jpg
1,-1,-1,./Disease Severity/1 (75).jpg
1,-1,-1,./Disease Severity/1 (2).jpg
1,-1,-1,./Disease Severity/1 (45).jpg
1,-1,-1,./Disease Severity/1 (21).jpg
1,-1,-1,./Disease Severity/1 (22).jpg
1,-1,-1,./Disease Severity/1 (29).jpg
1,-1,-1,./Disease Severity/1 (35).jpg
1,-1,-1,./Disease Severity/1 (15).jpg
1,-1,-1,./Disease Severity/1 (62).jpg
1,-1,-1,./Disease Severity/1 (66).jpg
1,-1,-1,./Disease Severity/1 (37).jpg
1,-1,-1,./Disease Severity/1 (49).jpg
1,-1,-1,./Disease Severity/1 (58).jpg
1,-1,-1,./Disease Severity/1 (43).jpg
1,-1,-1,./Disease Severity/1 (4).jpg
1,-1,-1,./Disease Severity/1 (55).jpg
1,-1,-1,./Disease Severity/1 (39).jpg
1,-1,-1,./Disease Severity/1 (34).jpg
1,-1,-1,./Disease Severity/1 (50).jpg
1,-1,-1,./Disease Severity/1 (24).jpg
1,-1,-1,./Disease Severity/1 (9).jpg
1,-1,-1,./Disease Severity/1 (3).jpg
1,-1,-1,./Disease Severity/1 (51).jpg
1,-1,-1,./Disease Severity/1 (68).jpg
